date,AQI指数,PM2.5 ,PM10,So2,No2,Co,O3
2022/2/1,137,103,146,10,21,0.91,64
2022/2/2,61,44,55,6,16,0.67,68
2022/2/3,69,50,56,6,26,0.88,45
2022/2/4,73,53,62,6,29,0.86,46
2022/2/5,82,60,68,8,30,0.94,53
2022/2/6,78,57,61,7,19,0.82,67
2022/2/7,30,21,20,5,15,0.63,65
2022/2/8,33,23,21,6,16,0.57,64
2022/2/9,47,33,30,6,22,0.61,50
2022/2/10,52,37,38,6,30,0.76,36
2022/2/11,67,48,49,7,43,0.87,18
2022/2/12,77,56,54,6,28,0.82,37
2022/2/13,57,40,42,6,34,0.83,30
2022/2/14,63,45,57,7,51,1.04,24
2022/2/15,90,67,78,8,38,1.03,41
2022/2/16,107,80,100,7,33,1,35
2022/2/17,42,29,35,6,20,0.68,47
2022/2/18,31,21,21,5,18,0.53,42
2022/2/19,45,31,33,5,16,0.58,48
2022/2/20,73,53,59,8,33,0.82,52
2022/2/21,62,44,60,12,62,0.98,29
2022/2/22,87,64,87,11,71,1.14,26
2022/2/23,75,55,61,8,35,0.85,65
2022/2/24,96,72,96,10,64,1.08,52
2022/2/25,86,64,89,9,77,1.05,48
2022/2/26,78,57,87,9,81,0.98,42
2022/2/27,83,61,102,11,68,1.07,62
2022/2/28,88,65,118,13,91,1.32,17
2022/1/1,126,95,109,10,77,1,36
2022/1/2,164,124,148,12,99,1.41,28
2022/1/3,133,101,123,14,93,1.29,31
2022/1/4,159,120,123,8,65,1.2,30
2022/1/5,52,37,39,5,25,0.95,43
2022/1/6,27,18,21,5,27,0.59,30
2022/1/7,57,41,43,6,37,0.77,24
2022/1/8,107,80,79,7,48,1.01,30
2022/1/9,85,62,64,6,49,0.84,24
2022/1/10,97,72,77,7,51,1.05,17
2022/1/11,161,122,121,7,50,1.44,39
2022/1/12,142,107,113,10,64,1.5,31
2022/1/13,123,93,100,8,37,1.01,46
2022/1/14,106,79,84,11,56,1.16,22
2022/1/15,122,92,97,10,63,1.21,24
2022/1/16,131,100,104,9,66,1.23,30
2022/1/17,156,119,134,9,66,1.23,36
2022/1/18,227,177,172,9,69,1.57,40
2022/1/19,189,143,160,10,81,1.79,41
2022/1/20,191,146,143,7,35,1.25,47
2022/1/21,98,73,83,6,35,1.06,18
2022/1/22,49,35,39,5,29,0.83,13
2022/1/23,30,20,20,5,30,1.01,13
2022/1/24,57,41,37,5,29,1.19,20
2022/1/25,93,69,69,5,31,1.28,19
2022/1/26,61,44,47,5,25,1.19,29
2022/1/27,45,31,31,5,19,0.95,53
2022/1/28,57,41,41,5,19,0.8,53
2022/1/29,67,49,45,5,20,0.75,46
2022/1/30,81,60,59,6,25,0.9,41
2022/1/31,91,68,70,6,31,1.08,36
2021/12/1,53,24,56,10,46,0.74,36
2021/12/2,66,43,78,9,63,0.81,26
2021/12/3,77,55,84,10,78,0.83,24
2021/12/4,78,57,99,12,79,1.07,25
2021/12/5,88,65,98,11,82,1.11,31
2021/12/6,85,63,107,13,84,1.31,32
2021/12/7,116,87,102,12,42,0.99,45
2021/12/8,158,120,136,11,57,1.21,57
2021/12/9,156,118,139,9,69,1.14,35
2021/12/10,145,111,153,11,95,1.36,38
2021/12/11,157,119,132,7,52,1.04,36
2021/12/12,100,75,89,6,30,0.85,53
2021/12/13,149,112,128,7,44,1.25,33
2021/12/14,67,48,61,7,49,0.98,35
2021/12/15,79,58,75,9,62,1.29,11
2021/12/16,78,57,71,7,42,1.01,31
2021/12/17,58,28,64,8,30,0.68,50
2021/12/18,54,31,58,11,49,0.95,34
2021/12/19,64,45,74,8,68,0.81,25
2021/12/20,78,57,87,13,84,1.14,28
2021/12/21,103,77,109,11,94,1.28,23
2021/12/22,135,102,142,12,106,2,23
2021/12/23,115,87,113,11,86,1.43,33
2021/12/24,142,107,115,5,33,1.05,20
2021/12/25,40,27,38,5,18,0.6,36
2021/12/26,40,26,34,6,17,0.64,47
2021/12/27,66,47,49,8,39,0.73,34
2021/12/28,83,61,59,9,36,0.7,38
2021/12/29,87,64,66,8,53,0.91,25
2021/12/30,88,65,100,10,79,1.13,26
2021/12/31,93,69,96,10,77,1,29
2021/11/1,73,50,84,9,60,0.92,78
2021/11/2,101,73,107,8,50,1.03,78
2021/11/3,80,57,94,10,73,1.08,50
2021/11/4,79,58,83,9,46,0.88,75
2021/11/5,64,45,62,6,40,0.92,33
2021/11/6,45,29,42,6,29,0.82,52
2021/11/7,23,9,21,5,18,0.5,46
2021/11/8,33,12,33,6,27,0.38,56
2021/11/9,43,24,43,9,42,0.45,43
2021/11/10,44,28,44,9,48,0.5,35
2021/11/11,55,33,61,9,60,0.65,31
2021/11/12,47,25,49,8,56,0.5,36
2021/11/13,55,33,62,9,53,0.49,40
2021/11/14,53,33,58,8,64,0.65,33
2021/11/15,64,43,78,13,79,1.03,31
2021/11/16,77,53,83,11,67,0.88,54
2021/11/17,156,118,147,13,66,1.08,57
2021/11/18,132,100,141,11,82,1.15,54
2021/11/19,102,73,114,13,60,1.3,53
2021/11/20,77,56,75,12,56,1.08,26
2021/11/21,83,51,84,7,35,0.69,37
2021/11/22,62,12,74,6,22,0.36,55
2021/11/23,62,24,73,8,51,0.58,30
2021/11/24,60,31,71,8,62,0.68,27
2021/11/25,77,53,97,13,85,1.22,19
2021/11/26,91,66,116,11,90,1.39,32
2021/11/27,85,63,101,12,76,0.92,52
2021/11/28,91,68,110,10,87,1.03,43
2021/11/29,84,58,101,8,59,0.8,59
2021/11/30,31,12,31,6,25,0.38,52
2021/10/1,60,25,45,8,43,0.94,99
2021/10/2,56,30,55,11,37,1.03,101
2021/10/3,50,30,52,10,25,0.89,103
2021/10/4,51,29,50,9,24,0.82,102
2021/10/5,42,19,45,8,22,0.75,56
2021/10/6,21,10,21,6,18,0.72,42
2021/10/7,17,7,15,6,16,0.59,43
2021/10/8,27,17,27,6,22,0.68,32
2021/10/9,31,20,29,5,26,0.87,37
2021/10/10,28,15,27,5,18,0.83,45
2021/10/11,30,10,30,6,18,0.51,59
2021/10/12,34,16,31,7,20,0.54,81
2021/10/13,32,15,31,7,24,0.55,88
2021/10/14,55,37,44,6,28,0.72,85
2021/10/15,40,26,33,5,20,0.78,80
2021/10/16,25,11,20,5,19,0.61,63
2021/10/17,43,19,44,7,31,0.66,43
2021/10/18,42,24,42,6,44,0.55,37
2021/10/19,50,34,50,7,50,0.72,23
2021/10/20,38,25,29,5,26,0.58,49
2021/10/21,26,16,23,6,34,0.54,52
2021/10/22,53,35,52,7,52,0.81,43
2021/10/23,66,47,66,8,56,0.85,62
2021/10/24,60,42,64,8,68,0.8,58
2021/10/25,72,51,83,9,79,1.02,51
2021/10/26,74,53,83,9,64,0.98,61
2021/10/27,67,47,70,10,57,0.93,64
2021/10/28,86,64,93,9,74,1.01,70
2021/10/29,98,73,113,9,80,1.1,56
2021/10/30,123,93,131,8,77,1.13,54
2021/10/31,95,70,119,9,85,1.2,54
2021/9/1,52,23,39,6,21,0.98,96
2021/9/2,39,22,39,6,23,0.86,73
2021/9/3,41,22,39,6,25,0.84,75
2021/9/4,46,28,47,6,24,0.78,82
2021/9/5,32,12,28,6,17,0.76,80
2021/9/6,25,10,22,5,14,0.68,75
2021/9/7,30,14,25,5,17,0.72,87
2021/9/8,46,20,38,6,36,0.79,93
2021/9/9,58,23,45,6,52,0.83,88
2021/9/10,77,32,62,7,64,0.93,114
2021/9/11,73,36,67,8,53,0.92,113
2021/9/12,52,24,47,8,26,0.84,124
2021/9/13,37,15,34,7,18,0.71,99
2021/9/14,37,15,33,7,21,0.77,107
2021/9/15,49,20,39,9,36,0.91,105
2021/9/16,69,34,63,9,46,0.99,110
2021/9/17,67,34,59,9,30,0.96,129
2021/9/18,66,31,56,10,26,0.94,146
2021/9/19,47,28,50,9,19,0.87,99
2021/9/20,24,8,12,6,17,0.88,75
2021/9/21,32,15,24,7,29,0.83,83
2021/9/22,47,23,42,9,47,0.95,75
2021/9/23,58,30,56,12,38,0.97,104
2021/9/24,47,26,46,9,31,0.83,91
2021/9/25,37,20,33,7,28,0.7,81
2021/9/26,50,28,49,9,31,0.85,89
2021/9/27,35,17,32,6,18,0.79,84
2021/9/28,50,29,47,8,25,1,98
2021/9/29,24,9,16,5,16,0.7,73
2021/9/30,39,18,31,7,40,0.9,78
2021/8/1,86,37,75,6,37,0.96,137
2021/8/2,64,34,69,6,37,0.94,102
2021/8/3,54,31,47,5,19,0.96,120
2021/8/4,32,14,27,5,16,0.71,91
2021/8/5,30,11,24,5,16,0.67,88
2021/8/6,31,14,28,4,15,0.65,89
2021/8/7,40,19,35,6,18,0.87,104
2021/8/8,48,20,34,7,21,0.83,114
2021/8/9,45,23,43,6,23,0.85,87
2021/8/10,30,19,26,4,22,0.94,55
2021/8/11,28,16,23,4,23,0.92,70
2021/8/12,17,9,15,4,22,0.94,45
2021/8/13,24,7,12,4,14,0.75,76
2021/8/14,26,7,10,4,16,0.73,81
2021/8/15,34,23,31,5,31,1.04,60
2021/8/16,33,22,32,5,35,0.99,48
2021/8/17,35,19,32,5,25,1.08,75
2021/8/18,35,16,26,5,25,0.82,84
2021/8/19,39,20,36,6,25,0.82,80
2021/8/20,27,15,25,4,24,0.74,50
2021/8/21,33,20,24,4,25,0.8,79
2021/8/22,45,27,46,6,28,0.94,68
2021/8/23,40,22,40,5,21,0.78,63
2021/8/24,26,10,15,4,17,0.65,81
2021/8/25,32,20,31,5,25,0.65,72
2021/8/26,35,17,34,5,22,0.65,61
2021/8/27,20,8,16,4,20,0.5,56
2021/8/28,33,17,32,5,34,0.67,55
2021/8/29,46,29,46,6,34,0.87,61
2021/8/30,37,19,33,7,30,0.75,64
2021/8/31,44,24,42,6,34,0.64,66
2021/7/1,27,12,23,4,24,0.79,50
2021/7/2,18,9,16,4,19,0.81,34
2021/7/3,25,10,19,3,20,0.6,70
2021/7/4,35,21,32,4,29,0.8,42
2021/7/5,34,18,35,3,31,0.89,19
2021/7/6,49,30,48,4,32,0.97,63
2021/7/7,48,26,49,3,31,0.77,70
2021/7/8,32,14,31,4,24,0.65,44
2021/7/9,26,11,25,5,21,0.58,60
2021/7/10,33,15,31,5,26,0.55,61
2021/7/11,35,19,35,4,21,0.51,70
2021/7/12,36,17,34,5,19,0.46,85
2021/7/13,31,17,30,4,17,0.49,75
2021/7/14,38,18,35,5,20,0.54,78
2021/7/15,40,19,37,5,23,0.55,85
2021/7/16,50,26,51,5,39,0.7,72
2021/7/17,25,10,22,4,25,0.65,50
2021/7/18,33,20,32,5,26,0.85,61
2021/7/19,31,19,28,4,29,0.83,60
2021/7/20,45,22,41,6,26,0.8,80
2021/7/21,42,19,37,8,26,0.78,84
2021/7/22,43,16,33,6,23,0.64,90
2021/7/23,39,19,38,6,26,0.71,71
2021/7/24,29,12,28,6,17,0.6,66
2021/7/25,23,10,21,5,15,0.48,55
2021/7/26,26,11,24,5,15,0.47,62
2021/7/27,21,8,18,5,11,0.5,61
2021/7/28,17,6,14,5,12,0.5,51
2021/7/29,37,16,32,5,23,0.57,87
2021/7/30,61,23,47,5,37,0.68,100
2021/7/31,71,30,59,5,43,0.75,111
2021/6/1,59,32,65,8,43,0.77,87
2021/6/2,67,38,74,7,41,0.92,96
2021/6/3,41,21,42,5,24,0.69,89
2021/6/4,40,17,40,7,31,0.56,86
2021/6/5,51,19,50,8,39,0.64,93
2021/6/6,67,25,59,9,41,0.76,118
2021/6/7,55,27,53,11,30,0.77,120
2021/6/8,60,34,60,12,46,0.96,85
2021/6/9,68,37,68,11,48,0.99,95
2021/6/10,50,32,50,5,39,0.89,78
2021/6/11,65,47,71,5,35,0.98,96
2021/6/12,65,45,74,7,37,1.19,66
2021/6/13,34,18,30,5,23,0.81,63
2021/6/14,28,11,24,5,17,0.61,62
2021/6/15,26,11,22,6,18,0.54,70
2021/6/16,36,16,33,6,24,0.59,78
2021/6/17,33,15,32,6,20,0.85,49
2021/6/18,29,13,27,5,17,0.56,78
2021/6/19,25,16,22,5,23,0.57,63
2021/6/20,43,29,38,5,27,0.69,64
2021/6/21,53,37,57,7,30,0.69,65
2021/6/22,69,39,67,6,46,0.99,91
2021/6/23,66,25,55,10,44,0.87,121
2021/6/24,62,31,57,11,32,0.89,128
2021/6/25,59,26,50,8,31,0.76,112
2021/6/26,52,31,55,7,33,0.94,76
2021/6/27,23,11,21,4,26,0.71,50
2021/6/28,31,16,25,4,18,0.75,88
2021/6/29,58,29,48,6,31,0.91,117
2021/6/30,43,23,43,4,31,0.85,76
2021/5/1,70,31,80,10,39,0.75,104
2021/5/2,79,34,92,11,37,0.84,114
2021/5/3,59,32,69,9,31,0.94,92
2021/5/4,50,28,61,6,19,0.67,91
2021/5/5,91,45,132,9,51,0.86,85
2021/5/6,81,42,112,8,47,0.77,70
2021/5/7,70,41,89,6,37,0.79,75
2021/5/8,65,37,82,6,49,0.76,66
2021/5/9,56,28,60,6,43,0.82,83
2021/5/10,46,25,51,6,31,0.87,65
2021/5/11,40,24,36,5,18,0.82,63
2021/5/12,62,43,65,5,34,1.22,58
2021/5/13,52,32,58,6,41,1.12,46
2021/5/14,38,20,37,5,31,1,54
2021/5/15,30,15,26,4,28,0.82,57
2021/5/16,21,6,18,4,12,0.56,64
2021/5/17,30,13,26,4,20,0.45,79
2021/5/18,49,33,47,7,32,0.56,65
2021/5/19,58,40,60,5,50,0.71,37
2021/5/20,47,26,48,6,38,0.58,64
2021/5/21,64,44,75,7,60,0.97,51
2021/5/22,51,31,55,7,40,0.73,59
2021/5/23,39,20,38,5,25,0.65,59
2021/5/24,57,24,69,6,39,0.52,66
2021/5/25,77,38,103,7,54,0.6,57
2021/5/26,40,23,42,4,30,0.58,59
2021/5/27,29,16,28,5,27,0.55,48
2021/5/28,37,18,37,6,34,0.66,51
2021/5/29,39,19,38,6,28,0.6,62
2021/5/30,45,22,46,6,34,0.6,78
2021/5/31,61,32,69,8,44,0.83,76
2021/4/1,22,12,22,5,25,0.55,32
2021/4/2,21,14,19,5,26,0.56,35
2021/4/3,38,26,34,5,21,0.57,56
2021/4/4,37,20,37,6,20,0.59,69
2021/4/5,47,23,48,10,35,0.61,61
2021/4/6,57,37,63,13,60,1.03,40
2021/4/7,48,33,49,6,43,0.81,62
2021/4/8,49,31,42,6,29,0.71,85
2021/4/9,59,36,60,9,51,0.77,84
2021/4/10,63,36,77,10,77,0.79,47
2021/4/11,63,44,68,9,57,0.89,36
2021/4/12,58,40,57,6,43,0.8,63
2021/4/13,75,54,83,8,64,0.99,53
2021/4/14,73,53,76,6,33,0.86,71
2021/4/15,72,52,77,8,43,1,72
2021/4/16,90,57,120,8,75,0.95,48
2021/4/17,117,45,184,8,43,0.61,62
2021/4/18,75,29,100,10,42,0.59,65
2021/4/19,69,35,88,12,55,0.7,60
2021/4/20,77,50,102,13,52,1.15,60
2021/4/21,59,40,59,5,35,0.94,37
2021/4/22,29,17,28,5,26,0.83,53
2021/4/23,33,19,33,6,25,0.83,73
2021/4/24,53,37,51,6,22,0.82,60
2021/4/25,37,23,36,5,18,0.63,65
2021/4/26,45,28,45,5,26,0.63,50
2021/4/27,55,37,57,7,45,0.82,51
2021/4/28,71,37,91,8,58,0.83,50
2021/4/29,64,27,78,7,41,0.55,77
2021/4/30,56,27,62,7,33,0.63,91
2021/3/1,17,10,16,5,22,0.74,34
2021/3/2,38,26,33,8,31,0.82,56
2021/3/3,57,40,51,10,43,0.78,38
2021/3/4,56,38,56,7,43,0.85,44
2021/3/5,46,31,39,6,39,0.93,28
2021/3/6,36,24,31,4,26,0.64,30
2021/3/7,74,54,78,6,34,0.73,23
2021/3/8,91,68,78,6,48,0.91,18
2021/3/9,58,41,48,5,35,0.59,41
2021/3/10,47,31,44,7,49,0.79,26
2021/3/11,35,23,30,5,41,0.79,33
2021/3/12,49,33,48,6,51,1.01,37
2021/3/13,54,35,58,9,56,1.09,38
2021/3/14,62,41,71,9,50,0.94,56
2021/3/15,69,49,73,9,62,1.34,13
2021/3/16,67,45,66,5,27,0.93,49
2021/3/17,103,50,155,6,32,1.02,42
2021/3/18,47,25,51,5,30,0.76,26
2021/3/19,30,20,26,5,26,0.56,38
2021/3/20,71,49,72,6,26,0.73,59
2021/3/21,115,45,180,8,26,0.59,59
2021/3/22,71,28,92,9,46,0.63,54
2021/3/23,76,37,101,11,63,0.71,37
2021/3/24,69,35,89,7,55,0.6,53
2021/3/25,74,38,97,13,53,0.79,72
2021/3/26,65,42,77,11,57,0.94,53
2021/3/27,42,29,38,5,28,0.65,68
2021/3/28,53,30,57,6,42,0.75,61
2021/3/29,72,43,93,12,54,1.08,55
2021/3/30,104,65,154,7,41,1.09,48
2021/3/31,43,23,45,5,31,0.82,36
2021/2/1,76,55,70,6,53,0.92,15
2021/2/2,77,56,78,7,55,1.34,22
2021/2/3,99,74,90,7,59,1.11,23
2021/2/4,101,75,99,7,50,0.99,45
2021/2/5,75,55,64,5,29,0.71,58
2021/2/6,51,36,42,5,33,0.71,52
2021/2/7,78,57,72,6,55,1.18,12
2021/2/8,83,61,98,6,23,0.8,61
2021/2/9,62,44,57,7,35,0.82,49
2021/2/10,81,59,74,9,48,1.03,28
2021/2/11,78,57,70,7,29,0.93,55
2021/2/12,107,80,95,7,25,0.9,50
2021/2/13,83,61,78,8,32,0.82,41
2021/2/14,80,59,69,9,26,0.73,50
2021/2/15,114,86,102,7,25,1,49
2021/2/16,74,51,73,8,20,0.73,67
2021/2/17,62,40,68,9,30,0.72,65
2021/2/18,71,51,74,9,35,0.82,72
2021/2/19,58,40,63,10,37,0.69,67
2021/2/20,44,28,43,8,36,0.55,72
2021/2/21,53,36,53,8,46,0.67,65
2021/2/22,81,59,92,13,63,1.09,66
2021/2/23,96,68,128,17,36,1.14,88
2021/2/24,56,35,60,8,26,0.7,54
2021/2/25,29,19,23,5,19,0.61,33
2021/2/26,29,18,17,5,18,0.61,45
2021/2/27,73,53,53,6,33,0.9,35
2021/2/28,55,39,43,6,39,0.91,12
2021/1/1,58,39,54,7,55,0.64,25
2021/1/2,87,64,87,12,68,1.15,22
2021/1/3,93,69,88,9,68,0.8,17
2021/1/4,149,113,131,14,73,1.32,25
2021/1/5,203,158,155,6,45,1.22,22
2021/1/6,124,93,106,7,42,1.15,19
2021/1/7,68,22,85,7,25,0.51,46
2021/1/8,52,23,54,8,43,0.58,33
2021/1/9,63,41,74,9,61,0.68,23
2021/1/10,69,46,86,10,56,0.8,33
2021/1/11,63,33,80,11,42,0.68,28
2021/1/12,80,41,109,10,56,0.6,34
2021/1/13,78,55,101,12,76,0.99,29
2021/1/14,96,68,128,18,88,1.4,22
2021/1/15,116,82,172,17,68,1.17,38
2021/1/16,122,68,194,10,34,0.73,42
2021/1/17,76,48,103,9,38,0.61,39
2021/1/18,73,46,96,11,54,0.7,38
2021/1/19,79,56,106,17,67,0.99,39
2021/1/20,84,61,103,15,83,1.21,16
2021/1/21,117,89,105,8,68,1.12,5
2021/1/22,119,90,104,7,54,1,18
2021/1/23,151,114,107,6,44,1.26,28
2021/1/24,56,40,49,7,36,1.05,39
2021/1/25,109,80,74,6,32,1.15,33
2021/1/26,161,122,125,7,46,1.33,33
2021/1/27,137,103,115,6,56,1.36,15
2021/1/28,105,64,119,7,47,1.03,31
2021/1/29,100,40,153,9,51,0.74,30
2021/1/30,89,51,129,14,72,1.04,13
2021/1/31,93,68,128,10,69,1.28,6
2020/12/1,92,68,87,9,51,1.02,24
2020/12/2,65,47,60,5,31,0.74,33
2020/12/3,106,79,95,7,31,0.86,50
2020/12/4,88,65,83,9,44,0.83,47
2020/12/5,73,53,78,10,71,0.9,28
2020/12/6,95,71,102,11,73,1.13,12
2020/12/7,63,45,49,5,34,0.62,43
2020/12/8,108,81,94,7,48,0.96,18
2020/12/9,112,84,105,8,50,1.2,5
2020/12/10,107,81,99,8,57,1.06,12
2020/12/11,142,108,142,9,76,1.3,7
2020/12/12,133,101,138,12,82,1.53,12
2020/12/13,96,62,110,7,53,0.8,28
2020/12/14,42,23,41,6,26,0.45,39
2020/12/15,52,34,52,14,47,0.72,19
2020/12/16,64,41,69,11,58,0.73,14
2020/12/17,78,56,89,13,65,0.83,9
2020/12/18,87,64,85,11,58,0.77,22
2020/12/19,154,116,125,18,59,0.97,35
2020/12/20,134,102,125,15,82,1.1,29
2020/12/21,124,94,137,15,111,1.46,19
2020/12/22,120,91,130,19,96,1.31,26
2020/12/23,117,89,135,16,105,1.3,13
2020/12/24,131,99,136,13,73,1.12,46
2020/12/25,125,95,125,15,79,1.11,42
2020/12/26,220,171,214,15,125,1.75,10
2020/12/27,215,167,203,20,100,1.58,30
2020/12/28,183,135,170,15,80,1.58,44
2020/12/29,84,61,68,5,28,1.12,36
2020/12/30,47,27,43,6,23,0.55,44
2020/12/31,34,17,34,8,37,0.54,42
2020/11/1,46,29,47,5,40,0.71,35
2020/11/2,67,36,83,9,46,0.74,59
2020/11/3,65,35,80,13,47,0.82,55
2020/11/4,56,25,64,13,55,0.68,36
2020/11/5,65,36,80,16,72,0.89,38
2020/11/6,67,42,84,11,71,0.73,41
2020/11/7,79,53,107,10,82,0.89,35
2020/11/8,70,34,91,11,66,0.72,47
2020/11/9,81,51,112,15,77,1.04,53
2020/11/10,90,54,130,17,85,1.04,51
2020/11/11,61,32,76,14,62,0.75,58
2020/11/12,68,44,86,15,80,1,43
2020/11/13,72,45,95,12,78,0.96,41
2020/11/14,60,36,69,10,70,0.73,51
2020/11/15,70,47,88,10,77,0.9,44
2020/11/16,73,53,92,11,72,0.96,35
2020/11/17,65,46,64,7,36,0.9,44
2020/11/18,38,23,39,6,29,0.77,30
2020/11/19,35,21,34,6,39,0.83,24
2020/11/20,56,38,54,8,30,0.88,42
2020/11/21,22,13,20,5,24,0.6,26
2020/11/22,34,23,28,5,20,0.68,37
2020/11/23,35,23,28,5,26,0.78,19
2020/11/24,26,18,20,5,29,0.68,14
2020/11/25,22,14,16,5,28,0.63,10
2020/11/26,48,33,36,5,26,0.6,34
2020/11/27,93,69,86,7,36,0.85,37
2020/11/28,105,79,94,7,44,1,21
2020/11/29,80,59,80,8,48,0.96,18
2020/11/30,76,55,82,10,59,1.12,27
2020/10/1,56,31,57,9,43,0.87,90
2020/10/2,66,46,68,7,43,1.08,52
2020/10/3,13,4,8,5,19,0.92,38
2020/10/4,30,18,28,5,18,0.74,44
2020/10/5,44,14,44,7,25,0.65,38
2020/10/6,38,23,37,5,28,0.77,25
2020/10/7,38,25,37,6,35,0.81,25
2020/10/8,47,27,48,7,40,0.9,63
2020/10/9,51,30,56,8,61,0.93,56
2020/10/10,61,37,72,7,68,0.9,59
2020/10/11,61,37,73,7,65,0.97,61
2020/10/12,64,41,74,7,32,0.78,78
2020/10/13,70,48,79,8,36,0.95,77
2020/10/14,58,40,65,6,34,0.85,42
2020/10/15,29,18,27,5,27,0.94,30
2020/10/16,21,8,13,5,19,0.64,64
2020/10/17,47,33,46,6,33,0.76,52
2020/10/18,72,52,85,7,61,1.01,32
2020/10/19,60,38,69,7,55,0.9,47
2020/10/20,71,50,80,8,66,1.09,38
2020/10/21,40,24,40,6,35,0.65,49
2020/10/22,66,35,83,9,65,0.97,40
2020/10/23,95,50,141,13,65,1.1,79
2020/10/24,82,37,114,14,61,0.89,43
2020/10/25,64,33,79,13,63,0.9,37
2020/10/26,84,51,117,12,86,1.16,41
2020/10/27,76,49,102,10,69,1.01,68
2020/10/28,80,55,98,8,37,0.91,48
2020/10/29,77,56,97,8,56,1.08,36
2020/10/30,76,55,92,8,61,1,50
2020/10/31,56,38,57,6,40,0.8,57
2020/9/1,54,27,55,7,20,0.66,122
2020/9/2,59,31,59,8,25,0.75,127
2020/9/3,61,25,60,9,47,0.7,110
2020/9/4,56,25,64,8,44,0.62,86
2020/9/5,60,29,51,8,27,0.72,131
2020/9/6,68,38,66,10,37,0.88,119
2020/9/7,60,34,56,9,29,0.7,108
2020/9/8,69,35,58,6,31,0.72,137
2020/9/9,75,49,86,11,53,1,99
2020/9/10,38,23,35,5,26,0.71,86
2020/9/11,38,25,36,5,21,0.68,92
2020/9/12,48,28,48,7,26,0.8,100
2020/9/13,54,37,56,8,34,1.01,98
2020/9/14,46,31,44,5,29,0.88,73
2020/9/15,25,12,20,5,27,0.84,59
2020/9/16,26,14,24,5,35,0.92,45
2020/9/17,30,13,23,5,25,0.72,83
2020/9/18,42,27,42,6,38,0.93,84
2020/9/19,45,27,47,6,54,0.99,32
2020/9/20,31,18,29,7,33,0.92,55
2020/9/21,22,12,18,5,24,0.85,68
2020/9/22,22,10,14,5,22,0.67,68
2020/9/23,41,28,38,5,36,0.78,65
2020/9/24,67,48,71,6,58,1.09,46
2020/9/25,71,48,90,7,84,1.27,18
2020/9/26,65,45,72,6,45,0.91,64
2020/9/27,59,36,61,6,41,0.92,109
2020/9/28,66,42,74,7,51,0.98,86
2020/9/29,55,39,55,5,38,0.91,57
2020/9/30,55,33,60,6,40,0.84,75
2020/8/1,45,20,45,7,31,0.76,62
2020/8/2,41,18,40,5,27,0.55,64
2020/8/3,39,14,36,5,27,0.5,58
2020/8/4,61,33,61,7,41,0.88,87
2020/8/5,57,32,66,5,41,0.71,62
2020/8/6,28,10,23,5,17,0.5,58
2020/8/7,25,8,24,5,17,0.47,53
2020/8/8,31,13,30,5,20,0.49,59
2020/8/9,30,15,25,4,18,0.59,66
2020/8/10,26,10,21,4,20,0.58,65
2020/8/11,37,21,36,5,24,0.85,63
2020/8/12,38,19,38,5,20,0.77,54
2020/8/13,27,10,23,6,19,0.49,57
2020/8/14,26,8,22,5,17,0.45,62
2020/8/15,31,10,27,5,19,0.48,70
2020/8/16,38,12,35,6,22,0.51,66
2020/8/17,39,17,38,7,32,0.73,60
2020/8/18,48,25,47,11,35,0.92,80
2020/8/19,52,29,59,7,32,0.7,62
2020/8/20,39,20,39,7,24,0.85,60
2020/8/21,27,15,23,5,16,0.79,64
2020/8/22,50,27,44,6,26,0.91,89
2020/8/23,46,26,47,6,26,0.68,82
2020/8/24,44,23,43,5,23,0.53,75
2020/8/25,34,15,32,6,19,0.64,86
2020/8/26,42,20,39,6,22,0.58,93
2020/8/27,59,27,51,7,33,0.7,126
2020/8/28,66,32,63,8,43,0.82,103
2020/8/29,57,25,51,9,34,0.78,107
2020/8/30,65,32,57,8,29,0.9,119
2020/8/31,60,37,64,6,25,0.84,126
2020/7/1,47,29,46,5,31,0.81,91
2020/7/2,43,27,36,6,27,1,66
2020/7/3,28,14,20,5,24,0.65,80
2020/7/4,28,14,20,5,32,0.75,63
2020/7/5,19,11,13,5,26,0.84,28
2020/7/6,17,6,8,5,21,0.57,54
2020/7/7,23,8,12,5,20,0.62,66
2020/7/8,19,11,11,4,21,0.73,48
2020/7/9,42,27,33,5,30,0.84,84
2020/7/10,57,39,55,5,33,0.99,83
2020/7/11,30,18,28,5,20,0.8,45
2020/7/12,19,9,17,5,17,0.53,45
2020/7/13,25,11,16,5,17,0.51,77
2020/7/14,32,18,31,7,28,0.77,73
2020/7/15,20,12,17,5,20,0.6,47
2020/7/16,35,21,34,6,29,0.95,33
2020/7/17,49,33,52,7,39,1.17,61
2020/7/18,42,25,41,5,21,0.89,44
2020/7/19,36,18,21,4,16,0.61,83
2020/7/20,74,52,65,5,27,0.82,102
2020/7/21,55,36,56,7,30,1.03,67
2020/7/22,43,24,40,6,19,0.7,82
2020/7/23,42,22,39,6,25,0.61,78
2020/7/24,49,29,47,7,22,1.03,84
2020/7/25,42,25,44,7,26,0.95,78
2020/7/26,32,17,31,6,25,0.73,32
2020/7/27,21,11,17,4,27,0.79,51
2020/7/28,27,16,24,5,25,0.78,59
2020/7/29,45,23,39,6,30,0.93,79
2020/7/30,45,28,45,6,29,0.9,66
2020/7/31,42,22,41,5,25,0.76,65
2020/6/1,58,36,59,7,35,0.93,83
2020/6/2,46,29,45,5,24,0.76,74
2020/6/3,41,22,39,6,27,0.75,92
2020/6/4,40,22,35,5,20,0.59,85
2020/6/5,42,21,41,6,26,0.72,75
2020/6/6,40,18,36,8,24,0.78,85
2020/6/7,41,21,40,8,19,0.75,96
2020/6/8,46,20,44,8,19,0.73,101
2020/6/9,37,21,37,6,20,0.82,72
2020/6/10,39,25,34,4,20,0.78,61
2020/6/11,36,23,32,4,21,0.71,72
2020/6/12,35,16,33,4,29,0.74,56
2020/6/13,21,13,17,4,25,0.68,38
2020/6/14,23,14,18,4,27,0.87,39
2020/6/15,36,23,32,4,25,0.87,63
2020/6/16,32,15,28,4,23,0.79,59
2020/6/17,29,12,25,4,17,0.57,67
2020/6/18,23,8,11,4,21,0.78,69
2020/6/19,36,22,33,5,29,0.86,76
2020/6/20,26,16,20,5,22,0.82,68
2020/6/21,19,12,14,5,23,0.85,42
2020/6/22,23,14,18,5,33,0.9,20
2020/6/23,21,13,17,5,28,0.76,41
2020/6/24,40,25,34,5,37,0.75,75
2020/6/25,64,35,55,6,39,0.96,95
2020/6/26,33,19,30,5,23,0.8,67
2020/6/27,22,13,22,5,29,0.61,35
2020/6/28,28,17,28,4,28,0.8,25
2020/6/29,21,11,13,4,24,0.6,55
2020/6/30,35,18,26,5,37,0.69,80
2020/5/1,69,50,64,7,24,0.87,93
2020/5/2,62,41,70,7,33,0.81,75
2020/5/3,53,34,56,7,33,0.73,89
2020/5/4,63,40,78,8,49,0.87,69
2020/5/5,44,28,41,5,15,0.75,69
2020/5/6,49,30,51,8,26,1.11,56
2020/5/7,51,34,50,8,29,1.25,65
2020/5/8,32,16,28,5,20,0.98,50
2020/5/9,28,16,26,6,15,0.73,79
2020/5/10,32,14,29,6,20,0.57,73
2020/5/11,65,25,80,8,48,0.62,73
2020/5/12,65,29,80,9,46,0.53,75
2020/5/13,77,46,105,14,57,0.91,92
2020/5/14,74,54,67,8,37,1.01,59
2020/5/15,75,54,74,7,44,1.14,55
2020/5/16,48,27,45,6,39,0.9,63
2020/5/17,50,33,51,6,37,0.76,72
2020/5/18,65,27,78,7,27,0.61,84
2020/5/19,72,30,78,12,43,0.77,103
2020/5/20,70,42,87,14,48,0.91,95
2020/5/21,50,31,52,8,34,0.78,81
2020/5/22,64,32,60,8,52,0.75,92
2020/5/23,73,38,74,7,51,0.68,104
2020/5/24,76,46,94,8,50,0.78,108
2020/5/25,53,36,53,6,25,0.73,87
2020/5/26,48,30,41,6,25,0.59,95
2020/5/27,62,30,59,7,34,0.63,103
2020/5/28,64,41,77,7,36,0.7,92
2020/5/29,61,43,65,6,37,0.95,61
2020/5/30,43,26,39,7,22,0.76,73
2020/5/31,52,31,54,8,45,0.9,64
2020/4/1,40,25,34,6,26,0.73,50
2020/4/2,51,36,41,6,21,0.74,58
2020/4/3,65,46,68,7,24,0.74,80
2020/4/4,62,44,66,8,28,0.8,88
2020/4/5,68,49,74,9,30,0.83,110
2020/4/6,56,29,63,11,32,0.85,95
2020/4/7,58,40,64,10,40,0.93,90
2020/4/8,57,35,62,9,54,0.84,74
2020/4/9,59,36,64,9,53,0.75,83
2020/4/10,69,48,73,7,26,0.76,52
2020/4/11,27,17,23,5,16,0.54,60
2020/4/12,48,31,43,7,27,0.56,87
2020/4/13,46,27,45,8,43,0.58,81
2020/4/14,51,26,55,14,45,0.64,78
2020/4/15,48,27,49,14,42,0.7,78
2020/4/16,62,42,71,16,36,0.85,95
2020/4/17,75,34,99,11,22,0.66,103
2020/4/18,54,35,58,6,22,0.8,79
2020/4/19,38,21,26,5,18,0.73,108
2020/4/20,56,40,48,7,44,0.98,61
2020/4/21,46,28,46,7,29,0.65,54
2020/4/22,56,35,61,11,40,0.77,70
2020/4/23,63,40,74,10,39,0.68,92
2020/4/24,50,24,53,8,36,0.48,78
2020/4/25,48,23,48,8,34,0.5,91
2020/4/26,53,28,57,8,45,0.55,75
2020/4/27,58,30,66,9,43,0.6,85
2020/4/28,57,29,62,12,41,0.76,99
2020/4/29,72,40,87,15,64,0.86,87
2020/4/30,70,46,82,10,44,0.85,84
2020/3/1,42,28,37,5,14,0.94,63
2020/3/2,39,25,36,6,15,0.93,62
2020/3/3,32,22,26,5,17,0.77,52
2020/3/4,45,31,39,8,21,0.97,70
2020/3/5,70,50,59,9,21,0.9,86
2020/3/6,58,41,49,10,17,0.94,67
2020/3/7,49,34,42,8,19,1.11,69
2020/3/8,39,27,31,8,20,1.18,55
2020/3/9,61,43,49,5,14,1.03,73
2020/3/10,52,31,50,6,18,0.9,73
2020/3/11,61,36,70,11,27,1.07,70
2020/3/12,66,47,63,16,30,1.35,59
2020/3/13,77,56,83,7,26,1.1,51
2020/3/14,73,47,78,6,18,0.91,73
2020/3/15,66,27,81,7,25,0.73,81
2020/3/16,68,43,85,11,31,1.05,74
2020/3/17,69,47,78,10,29,1.01,79
2020/3/18,71,48,77,9,19,0.89,88
2020/3/19,57,32,66,8,26,0.87,84
2020/3/20,70,31,92,14,23,0.93,97
2020/3/21,63,44,65,16,30,1.34,60
2020/3/22,79,57,84,7,16,1.11,73
2020/3/23,65,43,74,11,23,1.11,96
2020/3/24,56,37,57,13,23,1.06,72
2020/3/25,45,31,42,10,21,1.1,42
2020/3/26,39,24,36,8,20,1.04,46
2020/3/27,19,8,15,5,15,0.59,49
2020/3/28,22,10,14,6,17,0.68,64
2020/3/29,20,10,12,5,15,0.59,62
2020/3/30,22,14,18,5,16,0.61,58
2020/3/31,35,24,30,6,22,0.62,45
2020/2/1,89,65,73,10,34,1.03,67
2020/2/2,87,64,69,7,34,0.85,49
2020/2/3,98,73,79,8,29,1.03,62
2020/2/4,87,64,73,9,35,0.92,61
2020/2/5,125,94,100,9,33,1.21,60
2020/2/6,54,40,52,5,14,0.78,49
2020/2/7,26,18,19,5,11,0.56,43
2020/2/8,33,23,25,5,16,0.7,43
2020/2/9,44,30,34,5,19,0.76,53
2020/2/10,59,42,44,7,27,1,45
2020/2/11,40,28,32,6,16,0.96,42
2020/2/12,38,26,31,7,23,0.98,31
2020/2/13,35,24,31,9,23,1.23,32
2020/2/14,39,27,34,7,17,1.19,34
2020/2/15,28,15,26,4,10,0.8,52
2020/2/16,23,10,21,5,11,0.6,59
2020/2/17,26,14,22,5,17,0.58,62
2020/2/18,33,22,25,8,22,0.71,65
2020/2/19,42,29,33,11,21,0.84,70
2020/2/20,58,41,48,10,29,1.03,57
2020/2/21,67,48,51,7,20,0.85,61
2020/2/22,61,43,55,9,20,1,64
2020/2/23,59,34,68,12,22,0.93,78
2020/2/24,58,41,57,11,18,1.07,79
2020/2/25,97,72,87,7,21,1.19,63
2020/2/26,64,46,56,5,14,1.23,48
2020/2/27,46,32,44,6,16,0.94,48
2020/2/28,12,7,10,4,12,0.66,28
2020/2/29,24,16,16,5,18,0.95,58
2020/1/1,67,45,75,11,57,1,8
2020/1/2,104,78,101,6,48,0.97,6
2020/1/3,130,98,116,6,50,1,6
2020/1/4,143,108,134,6,53,1.23,5
2020/1/5,85,61,95,7,42,1.34,4
2020/1/6,28,12,24,5,43,1.57,7
2020/1/7,27,16,20,5,36,1.36,28
2020/1/8,54,38,47,7,35,1.09,37
2020/1/9,25,16,19,5,33,0.79,28
2020/1/10,41,28,29,5,31,0.8,20
2020/1/11,54,38,41,5,36,0.75,20
2020/1/12,82,60,78,6,60,1.25,13
2020/1/13,65,46,61,7,48,0.95,27
2020/1/14,143,108,121,7,39,1.22,49
2020/1/15,123,93,99,6,38,1.13,36
2020/1/16,81,60,58,5,26,0.83,36
2020/1/17,61,43,45,5,34,0.79,33
2020/1/18,75,55,62,7,47,1.01,27
2020/1/19,137,104,112,7,48,0.97,38
2020/1/20,122,92,116,10,75,1.38,32
2020/1/21,120,90,101,7,49,1.17,36
2020/1/22,99,74,81,4,27,0.92,34
2020/1/23,108,81,89,5,23,1.13,35
2020/1/24,41,28,39,5,15,0.54,51
2020/1/25,62,45,51,5,12,0.79,49
2020/1/26,41,29,31,5,9,0.55,60
2020/1/27,63,45,47,5,10,0.83,62
2020/1/28,77,56,60,5,15,0.7,62
2020/1/29,73,53,56,7,20,0.71,59
2020/1/30,75,54,59,6,27,0.77,59
2020/1/31,94,70,78,9,33,0.96,68
2019/12/1,91,67,80,6,42,0.95,23
2019/12/2,86,61,92,10,63,1.2,20
2019/12/3,82,60,101,10,89,1.24,17
2019/12/4,87,63,106,11,93,1.32,25
2019/12/5,65,42,78,11,66,0.83,35
2019/12/6,130,99,114,16,70,1.09,37
2019/12/7,98,73,107,15,79,1.15,26
2019/12/8,96,71,110,15,87,1.08,29
2019/12/9,85,62,104,13,94,1.04,24
2019/12/10,104,78,134,14,109,1.45,14
2019/12/11,108,76,133,13,88,1.31,22
2019/12/12,88,64,111,14,70,0.85,39
2019/12/13,135,102,156,16,103,1.37,21
2019/12/14,181,136,182,15,67,1.36,33
2019/12/15,133,101,147,16,64,1.48,18
2019/12/16,77,55,84,7,43,0.9,7
2019/12/17,67,48,62,7,41,0.96,12
2019/12/18,86,64,76,5,34,1.03,13
2019/12/19,47,32,45,8,41,0.86,20
2019/12/20,64,46,66,10,50,1.04,8
2019/12/21,63,45,61,10,55,1.03,7
2019/12/22,60,43,51,7,40,0.7,30
2019/12/23,61,42,60,8,40,0.87,22
2019/12/24,101,75,92,8,47,1.48,8
2019/12/25,57,40,54,6,34,1.1,8
2019/12/26,96,72,88,8,42,1.23,27
2019/12/27,96,71,105,9,65,1.2,21
2019/12/28,104,78,111,24,80,1.5,7
2019/12/29,72,52,67,7,51,0.97,19
2019/12/30,114,86,108,6,52,1.25,20
2019/12/31,105,76,112,9,48,1.14,19
2019/11/1,86,53,122,11,93,1.15,47
2019/11/2,91,61,127,12,89,1.1,53
2019/11/3,97,69,121,10,38,0.96,105
2019/11/4,103,77,117,7,30,1.04,73
2019/11/5,85,62,99,11,53,1.17,68
2019/11/6,69,46,88,10,57,0.98,64
2019/11/7,67,43,79,8,41,0.85,88
2019/11/8,74,53,84,14,67,1.31,77
2019/11/9,87,62,108,12,83,1.09,54
2019/11/10,82,59,101,10,76,0.94,54
2019/11/11,77,52,98,13,80,1,45
2019/11/12,66,45,78,11,51,0.91,61
2019/11/13,54,27,58,7,43,0.72,37
2019/11/14,51,20,54,8,58,0.63,27
2019/11/15,60,31,71,14,73,0.86,32
2019/11/16,83,55,116,20,100,1.32,23
2019/11/17,113,83,118,8,52,1.13,33
2019/11/18,55,14,67,6,26,0.47,47
2019/11/19,72,30,94,10,53,0.73,23
2019/11/20,68,34,87,13,63,0.77,26
2019/11/21,79,52,109,17,81,1.03,15
2019/11/22,93,62,133,17,91,1.25,25
2019/11/23,83,54,116,17,96,1.28,16
2019/11/24,119,89,137,11,51,1.15,36
2019/11/25,26,13,26,6,20,0.56,38
2019/11/26,36,25,30,6,31,0.78,15
2019/11/27,25,17,19,5,25,0.68,23
2019/11/28,90,66,89,10,39,1.1,24
2019/11/29,55,31,58,9,43,0.81,26
2019/11/30,62,44,55,6,39,0.72,17
2019/10/1,69,34,62,15,44,0.9,124
2019/10/2,58,34,56,11,36,0.88,102
2019/10/3,73,44,70,13,50,1.07,98
2019/10/4,85,51,87,14,49,1.11,118
2019/10/5,50,32,54,6,18,0.84,60
2019/10/6,24,15,22,7,22,0.73,24
2019/10/7,19,7,15,5,19,0.6,53
2019/10/8,22,11,19,6,21,0.73,61
2019/10/9,36,22,35,9,37,0.88,56
2019/10/10,60,40,67,8,45,1.07,42
2019/10/11,32,20,29,6,30,0.9,44
2019/10/12,49,34,44,6,23,1,57
2019/10/13,38,26,35,6,26,0.95,43
2019/10/14,54,30,58,7,23,0.85,73
2019/10/15,45,22,46,6,23,0.67,73
2019/10/16,33,19,31,6,26,0.68,56
2019/10/17,45,28,43,6,26,0.62,66
2019/10/18,48,28,45,6,43,0.88,80
2019/10/19,55,35,53,8,60,1.02,65
2019/10/20,65,45,66,10,71,1.08,62
2019/10/21,69,46,73,10,76,1.12,67
2019/10/22,60,43,65,9,44,0.93,71
2019/10/23,45,29,45,8,41,1,59
2019/10/24,50,31,51,8,52,0.94,66
2019/10/25,43,22,44,6,24,0.59,48
2019/10/26,47,20,48,7,33,0.53,32
2019/10/27,49,30,49,8,40,0.61,31
2019/10/28,49,31,50,8,42,0.69,43
2019/10/29,73,40,95,8,60,0.87,38
2019/10/30,95,51,139,12,78,1.11,42
2019/10/31,94,59,138,12,91,1.37,43
2019/10/31,94,59,138,12,91,1.37,43
2019/9/1,48,31,48,7,44,0.95,63
2019/9/2,55,35,54,10,38,1.12,88
2019/9/3,42,22,38,9,25,0.92,85
2019/9/4,48,25,45,9,27,0.95,96
2019/9/5,57,28,52,12,37,1.18,102
2019/9/6,49,24,47,9,29,0.94,102
2019/9/7,57,26,51,9,34,0.9,119
2019/9/8,77,38,76,13,55,1.15,108
2019/9/9,81,44,78,14,41,1.23,143
2019/9/10,76,43,75,13,30,1.16,146
2019/9/11,76,38,65,13,35,0.99,140
2019/9/12,83,46,80,12,36,1.05,147
2019/9/13,77,44,77,12,22,1.02,150
2019/9/14,48,25,48,9,15,0.9,106
2019/9/15,54,35,57,9,21,1,94
2019/9/16,49,29,49,8,20,0.75,67
2019/9/17,46,26,47,8,22,0.83,71
2019/9/18,48,32,48,7,24,0.85,64
2019/9/19,64,35,71,11,34,0.99,105
2019/9/20,43,14,43,9,27,0.62,97
2019/9/21,45,19,44,9,28,0.66,109
2019/9/22,51,24,53,10,28,0.68,118
2019/9/23,51,23,54,11,37,0.71,109
2019/9/24,59,27,60,14,58,0.82,89
2019/9/25,68,38,84,18,85,1.02,68
2019/9/26,76,47,96,15,86,1.1,76
2019/9/27,66,38,76,16,64,0.93,82
2019/9/28,73,43,75,14,65,1,97
2019/9/29,84,49,91,13,81,1.08,93
2019/9/30,75,43,80,16,67,1.07,101
2019/8/6,64,26,49,5,29,0.93,91
2019/8/7,57,25,47,6,29,1.03,79
2019/8/8,52,23,37,4,21,0.83,90
2019/8/9,57,29,47,4,22,0.8,95
2019/8/10,31,14,28,4,13,0.65,57
2019/8/11,42,19,27,4,14,0.73,84
2019/8/21,75,44,91,7,48,1.06,96
2019/8/22,67,47,69,7,22,1.12,118
2019/8/23,76,50,78,9,27,1.27,130
2019/8/24,76,45,74,12,31,1.33,142
2019/8/25,67,35,61,11,27,1.28,143
2019/8/26,47,27,47,7,20,1.03,85
2019/8/27,42,20,40,6,25,0.92,62
2019/8/28,26,14,22,5,18,0.91,62
2019/7/1,67,23,55,5,34,0.86,97
2019/7/2,97,37,67,7,40,1.03,136
2019/7/3,88,38,73,8,40,0.98,107
2019/7/4,59,35,66,6,36,0.95,69
2019/7/5,61,37,64,4,28,0.85,75
2019/7/6,45,24,41,4,23,0.81,71
2019/7/7,75,27,60,6,31,0.89,108
2019/7/12,37,22,38,6,31,1.08,60
2019/7/13,31,15,27,5,24,0.76,86
2019/7/14,50,30,49,5,32,0.89,91
2019/7/15,49,25,47,7,30,0.99,94
2019/7/16,43,19,39,6,30,0.95,83
2019/7/17,52,28,56,5,38,1,53
2019/7/18,33,20,32,4,26,1,56
2019/7/19,35,20,32,4,19,0.7,78
2019/7/20,59,25,48,5,34,0.8,109
2019/7/21,57,33,62,5,38,0.85,89
2019/7/22,51,29,56,4,27,0.83,74
2019/7/23,39,17,38,4,22,0.71,57
2019/7/24,36,16,35,4,22,0.72,77
2019/7/25,40,19,39,4,27,0.64,58
2019/7/26,40,18,39,5,23,0.63,78
2019/6/1,76,41,72,5,47,0.91,90
2019/6/2,61,27,47,4,29,0.68,92
2019/6/3,68,31,67,4,45,0.76,83
2019/6/4,77,36,70,6,28,0.78,121
2019/6/5,61,33,62,5,25,0.83,88
2019/6/6,56,10,20,3,13,0.72,105
2019/6/7,70,21,37,6,26,1.02,118
2019/6/8,63,28,47,5,25,0.98,97
2019/6/9,69,39,65,3,35,1.05,88
2019/6/10,79,42,78,3,32,0.95,99
2019/6/11,66,34,68,6,38,0.96,91
2019/6/14,63,31,60,7,45,0.92,153
2019/6/15,76,36,75,10,47,0.96,116
2019/6/17,28,17,24,4,26,0.9,63
2019/6/18,26,15,21,4,24,0.98,56
2019/6/19,36,22,36,5,30,1.22,51
2019/6/20,37,20,36,5,23,1.04,61
2019/6/25,85,37,68,7,41,0.88,114
2019/6/26,85,45,79,8,41,1.05,112
2019/6/27,83,45,78,7,47,1.02,101
2019/6/28,56,30,61,5,28,0.99,69
2019/6/29,39,13,20,4,20,0.88,72
2019/6/30,46,17,33,4,22,0.78,87
2019/5/1,68,28,71,6,32,0.8,84
2019/5/2,66,24,65,10,45,0.83,91
2019/5/3,93,44,99,11,60,0.97,97
2019/5/4,84,46,101,13,52,1.04,92
2019/5/5,70,37,88,14,63,1.01,54
2019/5/6,59,27,61,7,30,0.75,88
2019/5/7,54,20,55,9,37,0.73,75
2019/5/8,65,25,59,8,40,0.67,89
2019/5/9,68,32,65,10,43,0.67,102
2019/5/10,79,38,72,10,55,0.79,88
2019/5/11,96,44,100,9,74,1.05,90
2019/5/12,92,64,122,10,75,1.19,65
2019/5/13,116,57,170,7,34,0.82,68
2019/5/14,116,66,171,6,62,1.08,25
2019/5/15,42,28,38,4,32,1.06,19
2019/5/16,59,41,62,4,45,1.2,26
2019/5/17,56,37,59,4,46,1.33,51
2019/5/18,68,39,72,4,42,1.34,66
2019/5/19,42,23,42,4,23,0.73,61
2019/5/20,79,22,106,6,27,0.53,90
2019/5/21,77,43,102,7,55,0.73,51
2019/5/22,96,59,112,7,48,0.8,82
2019/5/23,103,49,112,8,66,0.92,96
2019/5/24,78,50,90,10,44,0.98,89
2019/5/25,51,32,52,3,36,0.92,43
2019/5/26,38,10,16,3,28,0.89,73
2019/5/27,66,19,72,4,30,0.75,85
2019/5/28,63,19,44,5,20,0.61,112
2019/5/29,51,23,44,7,31,0.74,94
2019/5/30,50,27,36,4,29,0.72,88
2019/5/31,69,41,59,5,38,0.9,86
2019/4/1,74,36,89,11,56,0.95,67
2019/4/2,55,33,57,8,53,1.08,52
2019/4/3,50,31,48,8,38,0.86,72
2019/4/4,70,48,85,9,61,1.02,55
2019/4/5,52,30,50,6,32,0.8,66
2019/4/6,68,37,73,9,53,0.94,65
2019/4/7,79,46,93,13,60,1.13,68
2019/4/8,73,41,86,12,47,1.08,78
2019/4/9,42,22,39,6,21,0.83,61
2019/4/10,42,26,33,5,18,0.67,66
2019/4/11,52,35,46,5,29,0.78,65
2019/4/12,56,26,52,8,38,0.91,69
2019/4/13,66,40,79,12,53,1.11,59
2019/4/14,65,34,78,7,41,0.86,67
2019/4/15,68,34,67,9,41,0.84,85
2019/4/16,52,28,48,6,28,0.75,77
2019/4/17,65,31,70,7,47,0.87,68
2019/4/18,71,38,87,14,51,1.23,64
2019/4/19,68,45,74,8,32,1.15,77
2019/4/20,82,50,91,10,29,1.21,115
2019/4/21,55,38,50,5,21,1.02,64
2019/4/22,78,57,73,5,34,1.56,30
2019/4/23,58,40,60,5,37,1.35,61
2019/4/24,88,57,93,9,61,1.77,87
2019/4/25,80,53,102,8,53,1.53,56
2019/4/26,51,25,54,7,26,1,42
2019/4/27,50,24,51,8,26,0.9,62
2019/4/28,36,20,34,4,21,0.83,46
2019/4/29,22,12,18,4,22,0.82,42
2019/4/30,57,38,57,5,37,0.93,65
2019/3/1,40,27,38,5,41,0.92,19
2019/3/2,61,43,48,4,30,0.9,40
2019/3/3,69,49,73,5,37,0.76,69
2019/3/4,72,50,81,10,53,1.13,48
2019/3/5,54,37,45,5,39,0.82,43
2019/3/6,59,41,61,8,50,0.88,56
2019/3/7,68,35,79,7,34,0.6,77
2019/3/8,82,59,91,11,49,0.9,58
2019/3/9,99,73,109,9,52,0.96,60
2019/3/10,97,72,118,10,65,0.87,70
2019/3/11,98,61,126,9,76,0.9,52
2019/3/12,84,44,115,9,74,0.75,51
2019/3/13,96,62,129,14,74,0.98,38
2019/3/14,72,47,75,6,37,0.74,64
2019/3/15,72,44,91,10,68,0.8,57
2019/3/16,81,48,109,13,71,0.97,40
2019/3/17,72,50,91,11,67,1.02,35
2019/3/18,70,48,73,7,38,0.86,62
2019/3/19,74,49,83,12,44,1.17,52
2019/3/20,60,38,65,8,38,1,58
2019/3/21,71,37,90,8,33,0.97,53
2019/3/22,44,22,44,5,26,0.67,45
2019/3/23,52,35,56,8,43,0.73,47
2019/3/24,76,54,93,11,56,0.91,32
2019/3/25,49,28,50,7,34,0.7,59
2019/3/26,72,43,91,12,57,1.08,35
2019/3/27,65,44,71,9,56,1.28,8
2019/3/28,76,54,77,7,56,1.94,12
2019/3/29,82,58,95,10,59,1.68,32
2019/3/30,90,59,121,8,44,1.13,57
2019/3/31,57,34,59,9,37,0.93,74
2019/2/1,106,79,82,6,33,1.24,62
2019/2/2,78,56,64,9,40,1.26,31
2019/2/3,95,71,103,9,27,1.07,47
2019/2/4,148,112,143,11,43,1.55,29
2019/2/5,145,109,136,9,31,1.26,37
2019/2/6,93,69,81,8,30,1.21,28
2019/2/7,142,106,120,4,15,1.09,30
2019/2/8,28,16,20,4,12,0.55,48
2019/2/9,47,32,33,4,13,0.65,40
2019/2/10,73,53,50,4,16,0.85,44
2019/2/11,97,72,74,4,26,0.92,36
2019/2/12,57,41,44,5,27,0.97,20
2019/2/13,81,59,54,4,25,0.89,23
2019/2/14,44,30,29,4,24,0.87,23
2019/2/15,60,42,39,4,27,1.06,21
2019/2/16,90,66,71,5,26,0.96,30
2019/2/17,99,74,83,6,29,0.79,47
2019/2/18,67,48,41,4,29,0.73,30
2019/2/19,88,65,68,5,31,0.94,30
2019/2/20,123,92,97,6,33,0.85,24
2019/2/21,107,80,76,4,32,0.9,37
2019/2/22,63,44,48,5,28,0.7,65
2019/2/23,73,53,66,7,52,0.96,26
2019/2/24,81,59,71,8,57,1.05,25
2019/2/25,100,74,101,11,77,1.28,19
2019/2/26,155,118,140,13,64,1.52,26
2019/2/27,55,38,45,4,29,0.73,51
2019/2/28,50,35,44,5,42,0.78,29
2019/1/1,63,44,46,5,42,0.79,23
2019/1/2,80,58,70,6,55,1,10
2019/1/3,95,70,81,11,48,1.22,14
2019/1/4,122,91,91,5,44,1.18,19
2019/1/5,209,162,125,6,44,1.4,27
2019/1/6,213,167,139,9,53,1.83,16
2019/1/7,154,117,107,6,42,1.39,26
2019/1/8,120,90,87,5,37,1.2,24
2019/1/9,55,39,40,5,42,1.53,12
2019/1/10,48,34,31,4,34,1.08,13
2019/1/11,93,69,55,4,40,1.16,13
2019/1/12,141,106,101,9,57,1.69,19
2019/1/13,145,110,120,13,66,2,15
2019/1/14,112,84,89,6,45,1.64,11
2019/1/15,147,111,122,5,41,1.65,19
2019/1/16,81,48,95,9,49,1.29,21
2019/1/17,127,96,144,9,67,1.71,13
2019/1/18,130,98,137,7,69,1.84,13
2019/1/19,125,94,112,6,56,1.5,10
2019/1/20,184,140,143,9,46,1.53,37
2019/1/21,187,143,161,14,69,1.6,26
2019/1/22,149,112,135,12,67,1.12,38
2019/1/23,105,78,114,12,81,1.17,31
2019/1/24,108,80,114,16,82,1.18,38
2019/1/25,171,131,167,13,76,1.27,33
2019/1/26,196,149,162,12,54,1.38,23
2019/1/27,93,69,94,14,59,0.92,24
2019/1/28,176,133,122,7,50,1.1,20
2019/1/29,124,93,92,5,41,1.21,12
2019/1/30,63,45,49,4,34,1.12,9
2019/1/31,73,54,45,4,25,1.2,44
2018/12/1,215,164,192,10,53,2.09,18
2018/12/2,150,113,126,6,46,1.8,4
2018/12/3,72,52,59,4,37,1.75,20
2018/12/4,88,52,117,4,28,1.15,25
2018/12/5,59,40,74,5,28,0.88,8
2018/12/6,19,13,14,4,20,0.64,25
2018/12/7,59,40,48,4,22,0.77,27
2018/12/8,34,20,32,5,21,0.52,33
2018/12/9,54,37,49,8,30,0.73,22
2018/12/10,80,58,56,5,31,0.79,13
2018/12/11,130,98,60,6,36,0.95,15
2018/12/12,180,136,145,13,48,1.31,30
2018/12/13,140,106,137,13,75,1.32,20
2018/12/14,112,84,101,13,56,1.08,25
2018/12/15,140,106,113,10,54,1.05,17
2018/12/16,174,132,135,9,51,1.13,30
2018/12/17,130,98,127,13,82,1.52,25
2018/12/18,117,88,126,15,84,1.63,15
2018/12/19,92,67,97,21,70,1.4,8
2018/12/20,60,42,46,5,52,0.94,13
2018/12/21,74,53,62,7,51,0.95,10
2018/12/28,57,40,47,5,22,0.76,30
2018/12/29,49,31,50,7,24,0.6,40
2018/12/30,47,32,36,4,26,0.62,33
2018/12/31,65,46,49,7,38,0.84,24
2018/11/1,81,53,96,15,61,0.97,70
2018/11/2,63,41,69,13,44,0.81,87
2018/11/3,60,42,63,13,44,0.79,66
2018/11/4,70,50,82,11,56,0.92,37
2018/11/5,85,61,80,6,33,1.07,45
2018/11/6,13,5,9,3,22,0.82,13
2018/11/7,20,13,13,3,20,0.71,22
2018/11/8,44,30,25,5,28,0.77,30
2018/11/9,50,33,49,9,50,1.04,23
2018/11/10,45,31,40,9,52,1.01,19
2018/11/11,48,34,36,4,28,0.64,57
2018/11/12,94,70,74,6,47,0.94,44
2018/11/13,80,58,69,8,48,1.12,33
2018/11/14,61,42,50,7,44,1,20
2018/11/15,64,45,51,4,32,0.83,32
2018/11/16,61,44,49,5,28,0.77,44
2018/11/17,53,37,39,4,29,0.81,12
2018/11/18,40,28,29,4,28,0.81,23
2018/11/19,73,52,59,8,52,1.23,19
2018/11/20,60,42,54,8,54,1.07,19
2018/11/21,96,71,75,7,41,1.03,42
2018/11/22,113,84,101,12,59,1.21,40
2018/11/23,88,64,89,8,61,1,41
2018/11/24,100,74,96,13,74,1.23,33
2018/11/25,172,130,153,10,82,1.52,28
2018/11/26,135,102,137,8,83,1.73,31
2018/11/27,127,96,124,12,89,1.75,38
2018/11/28,138,104,182,13,89,1.56,29
2018/11/29,141,108,143,12,74,1.57,33
2018/11/30,256,205,223,12,53,2.04,30
2018/10/1,48,15,46,9,27,0.62,77
2018/10/2,54,23,49,10,42,0.81,75
2018/10/3,62,31,55,13,50,0.87,83
2018/10/4,74,33,61,12,44,0.84,102
2018/10/5,74,37,60,12,37,0.81,118
2018/10/6,97,61,97,13,70,0.96,99
2018/10/7,103,66,112,16,77,1.15,100
2018/10/8,95,70,109,13,59,1.08,100
2018/10/9,89,66,82,8,40,0.98,68
2018/10/10,65,27,73,12,43,0.83,78
2018/10/11,57,26,58,14,46,0.73,70
2018/10/12,65,35,64,14,45,0.79,94
2018/10/13,70,50,79,16,53,1,83
2018/10/14,59,41,49,5,33,0.85,62
2018/10/15,57,39,48,5,34,0.83,36
2018/10/16,50,34,49,5,40,0.93,22
2018/10/17,58,37,57,8,42,0.89,57
2018/10/18,74,52,74,11,43,1.08,89
2018/10/19,54,31,56,11,43,0.84,55
2018/10/20,49,34,43,7,42,0.79,30
2018/10/21,57,40,46,4,37,0.76,27
2018/10/22,52,36,50,5,37,0.76,34
2018/10/23,72,49,79,9,67,1.07,40
2018/10/24,90,66,105,11,63,1.35,53
2018/10/25,72,51,69,7,55,1.02,25
2018/10/26,57,29,61,6,46,0.77,42
2018/10/27,52,20,56,9,44,0.6,46
2018/10/28,67,40,80,10,64,0.75,42
2018/10/29,64,32,73,9,71,0.75,68
2018/10/30,80,51,106,13,89,1.14,32
2018/10/31,76,52,99,14,88,1.08,42
2018/9/2,41,19,31,4,30,0.76,74
2018/9/3,53,24,38,4,35,0.82,72
2018/9/4,78,25,67,9,53,1.1,97
2018/9/5,89,38,90,13,54,1.05,99
2018/9/6,48,31,47,5,36,1,75
2018/9/7,42,13,40,5,24,0.63,61
2018/9/8,48,12,33,7,28,0.64,85
2018/9/9,63,25,48,11,41,0.99,95
2018/9/10,55,31,55,9,41,0.86,87
2018/9/11,63,35,54,9,42,0.98,82
2018/9/12,69,48,79,11,55,1.07,77
2018/9/13,72,49,77,8,44,1.01,66
2018/9/14,60,26,44,7,32,0.89,85
2018/9/15,51,28,42,6,21,0.8,88
2018/9/16,58,40,58,5,16,0.87,93
2018/9/17,43,26,39,6,18,0.91,65
2018/9/18,34,17,29,6,30,0.93,45
2018/9/19,42,19,37,5,29,0.76,53
2018/9/20,41,17,36,5,27,1.08,47
2018/9/21,38,16,26,5,24,0.94,67
2018/9/22,54,23,58,7,53,0.86,44
2018/9/23,85,47,101,15,69,1.42,75
2018/9/24,75,43,77,10,45,1.02,90
2018/9/25,58,35,56,9,31,0.9,102
2018/9/26,35,21,29,5,29,0.71,53
2018/9/27,40,21,36,7,32,0.76,61
2018/9/28,55,26,44,6,32,0.73,86
2018/9/29,61,31,65,8,55,0.88,63
2018/9/30,75,39,97,10,64,0.98,62
2018/8/1,80,31,58,8,40,1.09,93
2018/8/2,75,31,61,6,33,0.95,100
2018/8/3,51,21,37,6,29,1.02,81
2018/8/4,48,21,38,5,28,0.87,78
2018/8/5,61,25,42,5,27,0.85,101
2018/8/6,67,31,54,5,33,1.08,97
2018/8/7,78,29,48,5,34,0.99,115
2018/8/8,71,34,59,5,40,0.98,106
2018/8/9,86,36,60,6,42,1.06,107
2018/8/10,79,37,64,6,39,0.98,110
2018/8/11,105,43,70,6,37,1,146
2018/8/12,104,47,75,7,30,1.03,139
2018/8/13,41,19,30,4,15,0.72,69
2018/8/14,35,15,31,5,24,0.83,66
2018/8/15,48,24,38,4,16,0.82,93
2018/8/16,47,17,35,4,12,0.72,89
2018/8/17,37,21,33,3,14,0.71,68
2018/8/18,38,20,31,4,20,0.77,72
2018/8/19,38,18,28,4,24,0.77,70
2018/8/20,32,10,18,4,21,0.68,63
2018/8/21,49,15,28,6,22,0.73,96
2018/8/22,59,22,38,5,20,0.81,102
2018/8/23,69,43,60,5,16,0.97,122
2018/8/25,81,26,47,7,21,0.88,146
2018/8/27,43,20,32,5,17,0.75,76
2018/8/29,53,22,42,6,26,0.99,84
2018/8/31,41,19,34,6,26,0.86,70
2018/7/1,46,21,34,4,23,0.91,84
2018/7/2,49,31,48,3,36,1.04,60
2018/7/3,54,35,56,3,42,1.13,50
2018/7/4,49,27,45,3,31,0.96,56
2018/7/5,27,13,23,2,23,0.84,44
2018/7/6,37,19,31,3,14,0.71,56
2018/7/7,20,7,15,3,13,0.56,36
2018/7/8,29,16,28,3,24,0.79,34
2018/7/9,28,14,25,3,28,0.78,48
2018/7/10,62,33,60,5,42,1.03,73
2018/7/11,51,32,50,4,23,0.87,67
2018/7/12,44,19,43,5,25,0.74,45
2018/7/13,37,15,31,3,21,0.61,65
2018/7/14,53,23,49,4,32,0.7,64
2018/7/15,52,23,48,6,26,0.69,66
2018/7/16,62,31,59,8,28,0.79,81
2018/7/17,66,30,59,8,27,0.77,91
2018/7/18,60,28,55,8,24,0.67,89
2018/7/19,55,23,50,8,27,0.71,74
2018/7/20,67,26,56,9,35,0.76,87
2018/7/21,78,33,69,8,36,0.76,93
2018/7/22,63,33,58,7,23,0.82,89
2018/7/23,48,21,43,6,26,0.7,75
2018/7/24,73,34,68,5,37,0.77,88
2018/7/25,54,21,46,5,28,0.65,72
2018/7/26,54,20,45,5,23,0.66,78
2018/7/27,51,19,50,8,31,0.83,56
2018/7/28,47,19,40,8,28,0.88,57
2018/7/29,60,22,49,10,30,1,79
2018/7/30,74,22,52,6,31,0.87,95
2018/7/31,56,23,49,8,36,0.94,79
2018/6/1,79,41,72,6,47,1.11,84
2018/6/2,63,26,45,5,41,0.82,111
2018/6/3,83,40,67,5,36,0.83,123
2018/6/4,74,47,81,6,46,0.9,97
2018/6/5,77,56,82,5,40,0.93,79
2018/6/6,92,47,81,5,44,1.02,102
2018/6/7,79,33,66,10,47,1.12,97
2018/6/8,44,23,43,6,33,0.9,44
2018/6/9,52,28,49,3,22,0.89,79
2018/6/10,75,26,51,4,26,0.9,126
2018/6/11,80,29,66,6,51,0.83,110
2018/6/12,90,37,91,8,62,0.91,93
2018/6/13,69,28,55,6,26,0.72,111
2018/6/14,78,29,60,11,42,1,107
2018/6/15,98,38,79,12,47,0.99,126
2018/6/16,128,46,83,10,33,0.98,190
2018/6/17,120,47,83,11,32,0.99,179
2018/6/18,100,46,78,11,32,1.03,152
2018/6/19,59,37,53,5,25,0.93,68
2018/6/20,42,18,31,4,26,0.77,66
2018/6/21,71,32,54,6,34,0.92,91
2018/6/22,43,24,37,4,32,0.96,67
2018/6/23,61,25,42,5,30,0.98,95
2018/6/24,55,26,48,5,26,0.99,71
2018/6/25,46,16,35,3,26,0.78,66
2018/6/26,44,14,38,4,20,0.61,69
2018/6/27,47,17,40,5,18,0.59,79
2018/6/28,44,21,42,5,28,0.78,56
2018/6/29,54,28,53,4,39,0.95,57
2018/6/30,43,20,42,4,39,0.87,39
2018/5/1,47,24,43,4,35,0.87,73
2018/5/2,82,51,98,3,24,0.96,102
2018/5/3,74,27,87,10,53,0.9,89
2018/5/4,68,34,83,13,58,0.87,73
2018/5/5,56,35,52,4,27,0.87,59
2018/5/6,31,13,24,2,22,0.77,54
2018/5/7,51,11,24,2,18,0.64,98
2018/5/8,48,20,44,5,37,0.71,74
2018/5/9,83,33,87,9,55,0.96,89
2018/5/10,69,39,76,13,49,1,107
2018/5/11,92,68,78,7,53,1.37,38
2018/5/12,65,38,54,3,26,1.01,75
2018/5/13,79,38,66,5,42,0.85,83
2018/5/14,67,39,81,6,48,0.97,58
2018/5/15,57,25,63,4,27,0.65,70
2018/5/16,58,22,63,4,22,0.62,86
2018/5/17,62,25,68,5,29,0.74,87
2018/5/18,48,24,51,4,43,0.99,61
2018/5/19,46,21,41,4,28,0.94,87
2018/5/20,40,22,38,4,29,1.08,45
2018/5/21,35,18,34,3,28,1.05,24
2018/5/22,51,23,64,2,19,0.74,46
2018/5/23,105,52,158,5,28,0.79,80
2018/5/24,71,43,90,5,38,1.03,75
2018/5/25,69,40,69,5,33,1.04,72
2018/5/26,35,12,24,3,17,0.99,69
2018/5/27,140,62,215,4,24,0.63,84
2018/5/28,104,44,155,7,56,0.69,61
2018/5/29,115,56,178,12,79,1.04,61
2018/5/30,73,44,93,6,50,0.99,53
2018/5/31,55,30,53,4,39,0.9,81
2018/4/1,124,93,175,9,100,1.61,53
2018/4/2,88,60,107,7,56,1.17,71
2018/4/3,81,50,108,11,52,1.23,62
2018/4/4,121,46,191,6,29,0.85,43
2018/4/5,38,25,32,2,21,0.76,41
2018/4/5,38,25,32,2,21,0.76,41
2018/4/6,95,32,141,3,21,0.63,67
2018/4/7,89,25,127,6,33,0.57,77
2018/4/8,94,37,136,7,51,0.64,68
2018/4/9,92,43,131,11,62,0.87,64
2018/4/10,98,54,139,10,61,0.89,86
2018/4/11,104,68,157,9,79,1.22,48
2018/4/12,81,59,86,5,43,1.25,38
2018/4/13,41,23,35,2,26,0.77,39
2018/4/14,53,23,58,3,24,0.68,66
2018/4/15,315,62,404,5,49,0.78,54
2018/4/16,246,70,373,7,63,0.81,59
2018/4/17,141,57,230,8,58,0.84,74
2018/4/18,112,58,171,13,50,1.01,90
2018/4/19,93,48,132,16,52,0.93,93
2018/4/20,88,55,122,15,45,0.93,96
2018/4/21,58,39,62,4,30,0.9,60
2018/4/22,52,34,60,8,35,1.13,25
2018/4/23,34,20,30,2,18,0.81,45
2018/4/24,59,42,62,2,21,0.77,71
2018/4/25,62,42,69,7,33,0.98,90
2018/4/26,67,47,76,7,39,0.96,90
2018/4/27,85,56,81,5,47,1.08,82
2018/4/28,85,53,85,7,57,1.24,73
2018/4/29,67,46,77,5,52,1.15,48
2018/4/30,57,33,61,4,39,1.15,57
2018/3/1,75,54,65,8,46,1.24,36
2018/3/2,77,56,56,6,42,1.35,35
2018/3/3,85,62,74,7,48,1.66,26
2018/3/4,53,38,47,8,39,1.55,17
2018/3/5,35,23,32,4,24,0.82,53
2018/3/6,45,31,40,6,37,0.77,42
2018/3/7,40,27,21,3,26,0.65,46
2018/3/8,60,43,44,4,40,0.71,45
2018/3/9,78,53,79,7,55,0.84,49
2018/3/10,80,51,93,14,61,1.01,50
2018/3/11,80,48,107,20,77,1.12,38
2018/3/12,82,52,113,12,76,1.14,46
2018/3/13,92,66,123,13,80,1.14,39
2018/3/14,72,51,69,8,44,0.98,47
2018/3/15,67,44,70,7,45,1.03,43
2018/3/16,49,27,51,4,31,0.67,48
2018/3/17,55,38,50,8,41,1.01,30
2018/3/18,36,22,21,2,28,0.86,36
2018/3/19,64,45,32,2,29,0.98,35
2018/3/20,60,43,47,2,30,0.81,67
2018/3/21,65,41,71,6,59,0.67,49
2018/3/22,90,64,111,7,85,1.06,29
2018/3/23,96,58,129,14,76,1.25,45
2018/3/24,86,50,120,14,65,1.01,40
2018/3/25,71,46,87,10,54,0.9,46
2018/3/26,72,44,87,5,55,0.89,58
2018/3/27,75,42,92,7,68,0.87,57
2018/3/28,86,49,118,10,74,1.06,60
2018/3/29,95,58,139,19,92,1.34,35
2018/3/30,118,88,146,8,50,1.25,87
2018/3/31,113,78,141,6,70,1.15,77
2018/2/1,104,78,127,20,84,1.32,23
2018/2/2,88,56,110,14,58,0.77,40
2018/2/3,66,26,81,9,33,0.49,51
2018/2/4,61,34,70,14,50,0.73,41
2018/2/5,78,54,97,12,67,0.83,33
2018/2/6,93,69,112,16,85,1.07,28
2018/2/7,118,88,131,22,99,1.3,18
2018/2/8,118,88,121,17,77,1.16,46
2018/2/9,128,96,143,26,96,1.55,23
2018/2/10,171,130,152,13,53,1.21,58
2018/2/11,155,111,185,12,64,1.21,50
2018/2/12,79,36,105,13,51,0.92,59
2018/2/13,89,62,125,13,64,1.08,56
2018/2/14,114,86,146,20,74,1.47,27
2018/2/15,118,89,105,6,30,1.04,41
2018/2/16,133,100,119,7,25,1.02,44
2018/2/17,107,80,83,8,24,1.28,57
2018/2/18,120,90,75,4,20,1.05,57
2018/2/19,60,43,33,3,19,0.78,35
2018/2/20,28,19,15,2,21,0.75,32
2018/2/21,88,64,63,2,20,1.01,48
2018/2/22,115,86,89,4,33,1.2,62
2018/2/23,80,55,63,9,34,1.16,59
2018/2/24,74,49,96,13,41,1.14,43
2018/2/25,110,82,121,6,43,1.02,43
2018/2/26,101,75,87,10,55,1.2,44
2018/2/27,44,30,37,9,53,1.19,19
2018/2/28,51,34,43,4,34,0.91,57
2018/1/1,120,88,164,18,73,1.41,30
2018/1/2,163,127,169,13,70,1.6,13
2018/1/3,117,90,36,4,39,1.64,11
2018/1/4,50,35,7,3,26,0.99,26
2018/1/5,105,78,38,4,31,1.12,25
2018/1/6,97,72,5,3,32,1.11,31
2018/1/7,164,123,3,5,30,1.38,54
2018/1/8,103,73,36,6,39,0.97,48
2018/1/9,73,49,76,8,59,0.98,30
2018/1/10,81,53,84,9,63,1.05,30
2018/1/11,75,45,96,14,63,0.89,35
2018/1/12,102,76,101,16,62,1.03,31
2018/1/13,91,67,97,24,73,1.2,15
2018/1/14,98,72,113,18,74,1.14,23
2018/1/15,124,93,150,27,86,1.53,4
2018/1/16,167,125,101,10,66,1.24,14
2018/1/17,152,114,99,11,50,1.13,39
2018/1/18,191,146,81,6,51,1.28,24
2018/1/19,214,163,3,4,50,1.47,13
2018/1/20,227,176,62,9,66,2.21,7
2018/1/21,173,131,84,7,69,1.97,10
2018/1/22,115,86,82,8,57,1.37,25
2018/1/23,155,117,71,5,40,1.44,16
2018/1/24,69,50,5,2,30,0.85,12
2018/1/25,49,34,4,3,24,0.69,44
2018/1/26,56,39,22,4,24,0.73,49
2018/1/27,69,49,12,4,19,0.68,65
2018/1/28,78,57,11,4,17,0.67,68
2018/1/29,106,79,73,8,37,0.92,68
2018/1/30,101,75,85,13,73,1.11,44
2018/1/31,88,65,84,12,53,0.79,60
2017/12/1,73,53,63,5,37,0.9,14
2017/12/2,90,66,85,7,53,0.99,20
2017/12/3,109,81,109,10,64,1.29,13
2017/12/4,220,175,170,8,53,1.43,39
2017/12/5,206,162,88,13,62,1.69,44
2017/12/6,176,132,160,21,83,1.71,11
2017/12/7,136,102,130,16,71,1.26,15
2017/12/8,116,85,109,15,51,1.08,38
2017/12/9,93,67,120,13,69,1.09,29
2017/12/10,112,73,145,16,73,1.25,26
2017/12/11,87,54,121,18,76,1.29,21
2017/12/12,91,65,107,18,65,1.07,12
2017/12/13,98,72,80,8,45,0.92,10
2017/12/14,63,44,12,3,33,0.77,14
2017/12/15,78,56,29,3,31,0.96,14
2017/12/16,121,91,78,7,31,0.98,45
2017/12/17,92,67,84,10,54,0.94,36
2017/12/18,103,76,116,12,76,1.14,24
2017/12/19,114,85,137,14,85,1.35,21
2017/12/20,111,83,125,17,81,1.11,24
2017/12/21,128,97,153,17,99,1.34,21
2017/12/22,112,83,129,28,92,1.36,21
2017/12/23,161,123,187,23,101,1.38,7
2017/12/24,174,134,173,16,77,1.35,31
2017/12/25,89,56,118,19,76,1.04,24
2017/12/26,113,83,156,29,94,1.41,20
2017/12/27,141,107,160,29,85,1.38,15
2017/12/28,167,126,112,17,67,1.36,10
2017/12/29,184,142,150,8,65,1.35,16
2017/12/30,185,142,208,16,65,1.46,32
2017/12/31,170,127,201,17,80,1.8,28
2017/11/1,101,72,138,15,94,1.32,38
2017/11/2,115,86,154,14,102,1.37,48
2017/11/3,164,124,174,15,75,1.38,71
2017/11/4,119,88,102,10,44,1.1,76
2017/11/5,67,37,81,17,56,0.88,55
2017/11/6,91,65,117,18,80,1.2,46
2017/11/7,137,103,167,13,105,1.46,27
2017/11/8,184,140,205,15,103,1.62,41
2017/11/9,121,89,139,17,72,1.38,79
2017/11/10,115,78,134,15,62,1.16,38
2017/11/11,72,30,90,9,38,0.67,39
2017/11/12,73,52,72,6,50,0.95,16
2017/11/13,75,54,58,5,50,1.05,16
2017/11/14,87,64,91,8,59,1.31,10
2017/11/15,130,98,138,14,77,1.66,19
2017/11/16,120,91,114,13,64,1.37,26
2017/11/17,107,80,81,4,45,1.21,11
2017/11/18,76,50,81,6,38,0.94,31
2017/11/19,71,51,73,9,43,0.94,17
2017/11/20,77,56,71,10,43,0.75,36
2017/11/21,90,66,95,10,59,0.87,18
2017/11/22,100,62,108,11,49,0.8,25
2017/11/23,84,44,116,12,66,0.8,26
2017/11/24,90,60,128,13,78,1.07,22
2017/11/25,88,63,121,17,81,1.06,24
2017/11/26,111,83,134,14,89,1.28,22
2017/11/27,123,91,149,20,88,1.54,29
2017/11/28,137,104,145,16,85,1.5,19
2017/11/29,161,122,123,8,43,1.27,37
2017/11/30,58,41,36,3,33,0.89,9
2017/10/1,62,39,71,8,36,1.25,48
2017/10/2,23,9,18,4,18,0.96,43
2017/10/3,23,6,12,4,19,0.78,46
2017/10/5,17,8,14,4,27,0.9,21
2017/10/6,39,22,42,8,40,1.24,17
2017/10/7,57,32,63,8,42,1.22,26
2017/10/8,80,52,102,9,61,1.5,62
2017/10/9,90,65,123,8,68,1.66,53
2017/10/10,56,37,52,6,24,1.28,33
2017/10/11,22,14,16,5,23,0.95,22
2017/10/12,17,5,9,5,25,0.84,34
2017/10/13,27,13,25,6,27,0.7,38
2017/10/14,38,20,37,6,29,0.69,36
2017/10/15,33,12,25,6,22,0.65,61
2017/10/16,27,12,19,5,22,0.6,54
2017/10/17,32,15,26,5,26,0.67,53
2017/10/18,34,20,33,5,28,0.63,33
2017/10/19,34,19,32,5,28,0.6,49
2017/10/20,65,43,75,9,54,1.01,43
2017/10/21,59,34,65,8,53,0.84,58
2017/10/22,84,61,104,9,72,1.01,58
2017/10/23,133,101,132,9,52,1.29,66
2017/10/24,95,66,110,12,60,1.15,52
2017/10/25,72,40,91,14,65,0.9,47
2017/10/26,76,48,99,9,65,0.88,56
2017/10/27,101,71,146,13,93,1.3,46
2017/10/28,88,61,117,13,79,1.21,58
2017/10/29,84,48,103,9,40,0.83,67
2017/10/30,60,19,69,9,50,0.59,45
2017/10/31,82,47,110,16,72,0.97,39
2017/9/1,39,16,40,6,33,0.88,26
2017/9/2,42,21,41,5,34,1,19
2017/9/3,21,11,19,5,28,0.86,36
2017/9/4,36,15,34,5,31,0.86,47
2017/9/5,51,24,54,6,48,1.06,22
2017/9/6,32,15,28,5,27,0.85,43
2017/9/7,58,19,52,7,44,0.85,78
2017/9/8,82,48,113,7,91,1.33,10
2017/9/9,95,52,115,9,41,1.34,114
2017/9/10,49,29,50,6,26,0.98,51
2017/9/11,43,16,36,6,24,0.8,71
2017/9/12,61,28,60,9,41,1.09,70
2017/9/13,76,31,76,10,50,0.98,93
2017/9/14,81,34,79,11,42,0.95,112
2017/9/15,82,26,76,11,48,0.96,99
2017/9/16,83,33,86,10,49,0.95,96
2017/9/17,85,34,90,11,53,0.85,100
2017/9/18,99,66,135,15,63,1.18,80
2017/9/19,72,52,67,7,42,1.24,58
2017/9/20,43,24,41,6,37,0.94,51
2017/9/21,59,35,66,8,60,1.12,20
2017/9/22,71,49,83,7,68,1.28,39
2017/9/23,53,33,50,6,49,1.18,40
2017/9/24,57,33,67,8,38,1.3,48
2017/9/25,65,37,77,6,37,1.18,42
2017/9/26,55,31,59,6,30,1.29,51
2017/9/27,30,14,23,4,22,1.08,52
2017/9/28,36,14,29,4,24,0.9,64
2017/9/29,37,20,36,7,42,0.99,37
2017/9/30,51,32,56,9,44,1.23,23
2017/8/1,25,12,21,3,22,0.81,39
2017/8/2,27,12,22,3,21,0.77,51
2017/8/3,52,22,47,3,33,0.95,69
2017/8/4,61,33,69,3,48,1.07,54
2017/8/5,66,34,74,3,43,1.04,65
2017/8/6,64,25,57,3,28,0.73,82
2017/8/7,58,22,59,5,31,0.66,72
2017/8/8,41,17,41,3,26,0.72,58
2017/8/9,50,20,38,3,22,0.81,82
2017/8/10,52,16,43,4,23,0.67,91
2017/8/11,60,25,69,6,38,0.91,51
2017/8/12,21,9,18,3,22,0.68,31
2017/8/13,23,10,22,3,24,0.78,41
2017/8/14,48,26,49,4,30,0.95,64
2017/8/15,65,38,65,5,39,1.11,80
2017/8/16,65,37,67,5,45,1.04,56
2017/8/17,35,12,33,6,25,0.81,38
2017/8/18,50,19,52,8,29,0.87,47
2017/8/19,49,20,49,6,23,0.65,58
2017/8/20,55,25,58,6,36,0.95,56
2017/8/21,61,31,63,6,31,1.06,67
2017/8/22,66,29,62,7,28,0.97,83
2017/8/23,69,22,54,8,27,0.89,101
2017/8/24,62,23,61,9,36,1.02,56
2017/8/25,47,25,45,5,35,1.15,57
2017/8/26,49,22,48,6,24,1.09,84
2017/8/27,65,31,64,8,22,1.05,92
2017/8/28,57,21,58,9,27,0.93,71
2017/8/29,56,21,44,5,17,1.17,92
2017/8/30,28,8,26,5,19,0.75,46
2017/8/31,36,14,35,5,23,0.68,38
2017/7/1,18,7,15,3,22,0.67,27
2017/7/2,33,12,27,3,21,0.65,59
2017/7/3,56,22,47,3,27,0.91,68
2017/7/4,43,16,39,3,24,0.84,46
2017/7/5,40,15,38,3,24,0.75,42
2017/7/6,43,14,41,3,26,0.72,47
2017/7/7,43,13,42,4,28,0.58,43
2017/7/8,44,16,44,4,29,0.63,36
2017/7/9,30,10,28,3,25,0.62,27
2017/7/10,34,12,29,3,22,0.62,64
2017/7/11,36,11,32,4,24,0.62,48
2017/7/12,36,10,35,4,19,0.6,51
2017/7/13,48,19,47,5,23,0.7,67
2017/7/14,46,18,46,4,24,0.66,64
2017/7/15,58,21,60,5,29,0.69,69
2017/7/16,59,22,58,4,33,0.68,63
2017/7/17,60,20,63,4,33,0.66,66
2017/7/18,53,19,51,4,24,0.6,69
2017/7/19,38,10,32,5,18,0.49,56
2017/7/20,39,9,34,4,17,0.49,61
2017/7/21,44,11,41,5,20,0.5,69
2017/7/22,65,20,62,6,30,0.61,93
2017/7/23,73,27,75,6,37,0.67,91
2017/7/24,66,28,72,5,33,0.67,74
2017/7/25,87,30,92,6,50,0.85,84
2017/7/26,77,35,89,5,40,0.81,86
2017/7/27,84,45,99,5,32,0.84,108
2017/7/28,90,58,119,5,36,1.19,90
2017/7/29,98,64,102,3,22,1.58,105
2017/7/30,71,46,75,4,17,1.05,77
2017/7/31,46,24,45,4,15,0.93,62
2017/6/1,58,28,63,4,26,0.73,87
2017/6/2,83,50,97,5,45,1.21,88
2017/6/3,99,60,126,5,42,1.14,113
2017/6/4,80,41,106,5,24,0.99,105
2017/6/5,40,23,34,3,23,0.87,68
2017/6/6,44,12,24,3,18,0.73,88
2017/6/7,66,25,51,4,39,0.86,102
2017/6/8,72,34,73,6,41,1.09,82
2017/6/9,46,25,49,3,40,1.07,24
2017/6/10,41,25,39,3,25,0.94,40
2017/6/11,38,20,37,3,31,0.89,57
2017/6/12,35,21,33,3,45,1.07,26
2017/6/13,30,16,28,3,29,0.85,45
2017/6/14,54,30,57,4,43,0.91,60
2017/6/15,57,39,58,3,45,0.89,48
2017/6/16,65,35,65,5,38,0.85,85
2017/6/17,73,43,80,5,46,0.87,95
2017/6/18,66,36,67,7,33,0.9,94
2017/6/19,63,38,74,6,39,0.95,64
2017/6/20,79,49,90,5,42,1,87
2017/6/21,66,42,74,4,34,0.89,82
2017/6/22,59,22,58,5,36,0.86,76
2017/6/23,48,25,51,3,35,0.92,42
2017/6/24,57,30,64,4,43,1.39,43
2017/6/25,63,36,71,2,44,0.95,58
2017/6/26,53,30,55,3,34,0.85,68
2017/6/27,57,21,40,3,22,0.75,101
2017/6/28,65,26,55,3,27,0.85,113
2017/6/29,61,26,57,4,31,0.93,84
2017/6/30,24,9,16,2,23,0.69,39
2017/5/1,86,57,104,9,58,1.1,49
2017/5/2,73,45,80,8,42,1.01,75
2017/5/3,48,27,46,6,25,0.94,61
2017/5/4,38,16,31,5,22,0.82,67
2017/5/5,84,34,117,7,39,0.89,74
2017/5/6,422,160,617,13,42,0.91,60
2017/5/7,177,104,286,7,61,1.2,18
2017/5/8,55,29,58,4,29,0.73,59
2017/5/9,63,29,74,5,45,0.86,54
2017/5/10,84,42,115,7,65,1.07,61
2017/5/11,90,57,127,8,64,1.31,40
2017/5/12,52,19,48,5,30,0.62,79
2017/5/13,73,29,88,6,53,0.81,72
2017/5/14,109,57,155,9,58,1.19,85
2017/5/15,70,41,88,5,35,0.89,87
2017/5/16,70,40,85,5,31,0.81,87
2017/5/17,90,42,101,6,56,0.87,94
2017/5/18,104,57,132,9,60,1.11,93
2017/5/19,92,67,118,9,49,1.12,66
2017/5/20,104,71,132,7,56,1.18,78
2017/5/20,104,71,132,7,56,1.18,78
2017/5/21,89,55,110,7,45,1.03,90
2017/5/22,50,33,51,4,29,0.87,56
2017/5/23,30,13,24,4,19,0.77,59
2017/5/24,56,23,48,5,23,0.69,100
2017/5/25,71,31,76,8,53,0.85,94
2017/5/26,89,43,93,7,52,0.83,104
2017/5/27,98,39,106,8,63,0.92,96
2017/5/28,103,40,125,8,62,0.99,86
2017/5/29,96,42,114,11,55,0.93,95
2017/5/30,89,53,125,8,59,0.99,79
2017/5/31,80,56,102,5,33,0.93,82
2017/4/1,86,63,93,9,56,0.99,62
2017/4/2,80,48,91,12,63,0.95,69
2017/4/3,87,55,122,29,63,1.19,58
2017/4/4,86,59,111,20,68,1.21,31
2017/4/5,103,76,94,7,56,1.48,17
2017/4/6,51,35,48,5,37,1.18,26
2017/4/7,65,44,72,6,48,1.4,33
2017/4/8,62,40,67,8,40,1.67,50
2017/4/9,35,7,11,5,18,1,73
2017/4/10,34,9,14,5,21,0.7,64
2017/4/11,55,38,52,6,34,1.01,59
2017/4/12,70,48,85,9,60,1.23,50
2017/4/13,79,49,96,10,67,1.21,61
2017/4/14,77,42,101,9,58,1.01,64
2017/4/15,89,53,126,13,59,1.34,64
2017/4/16,79,54,104,7,51,1.38,29
2017/4/17,54,17,58,6,21,0.64,69
2017/4/18,87,31,122,8,41,0.9,61
2017/4/19,103,51,153,9,62,1.22,34
2017/4/20,69,27,85,6,32,0.78,52
2017/4/21,80,30,107,8,43,0.79,32
2017/4/22,85,32,118,9,52,0.74,58
2017/4/23,89,40,122,9,65,0.86,66
2017/4/23,89,40,122,9,65,0.86,66
2017/4/24,89,47,124,15,57,0.95,77
2017/4/25,81,52,102,9,52,1.01,52
2017/4/26,79,56,83,5,23,1.04,77
2017/4/27,71,32,74,10,37,0.79,107
2017/4/28,79,40,94,10,65,0.79,83
2017/4/29,78,35,94,11,61,0.77,81
2017/4/30,93,46,118,13,62,0.87,84
2017/3/1,100,54,127,11,53,0.85,54
2017/3/2,81,28,110,15,52,0.78,49
2017/3/3,80,44,108,26,63,0.97,46
2017/3/4,106,74,128,18,84,1.31,12
2017/3/5,81,59,74,8,48,1.02,33
2017/3/6,266,216,244,12,63,1.85,44
2017/3/7,183,144,178,14,71,1.56,59
2017/3/8,114,85,124,19,65,1.11,65
2017/3/9,108,81,140,26,84,1.27,55
2017/3/10,80,58,81,15,51,1.05,59
2017/3/11,102,75,119,14,72,1.29,20
2017/3/12,79,57,69,8,53,1.1,41
2017/3/13,41,26,25,5,22,0.87,65
2017/3/14,57,31,63,11,38,1,59
2017/3/15,65,44,70,13,55,0.96,44
2017/3/16,89,65,83,11,60,1.1,42
2017/3/17,99,73,83,9,83,1.19,21
2017/3/18,120,90,83,7,62,1.14,22
2017/3/19,105,78,68,7,61,1.27,12
2017/3/20,60,43,24,4,31,0.82,48
2017/3/21,71,50,59,7,48,0.96,41
2017/3/22,48,33,37,4,49,0.98,41
2017/3/23,61,43,44,6,43,1.18,30
2017/3/24,48,33,33,4,34,0.78,35
2017/3/25,75,42,85,8,47,0.87,36
2017/3/26,99,34,145,10,60,0.89,45
2017/3/27,98,41,145,12,64,0.92,58
2017/3/28,86,45,119,15,48,0.88,62
2017/3/29,101,73,128,14,40,1.09,64
2017/3/30,84,62,77,8,35,1.19,52
2017/3/31,59,38,53,7,27,0.75,88
2017/2/1,80,58,32,4,16,1,36
2017/2/2,88,65,31,4,25,1.08,28
2017/2/3,86,63,27,5,29,1.28,14
2017/2/4,61,43,31,6,26,1.23,16
2017/2/5,80,58,68,7,34,1.48,24
2017/2/6,116,87,96,9,43,1.66,22
2017/2/7,76,55,55,7,28,1.05,43
2017/2/8,63,45,39,5,18,0.85,58
2017/2/9,112,84,81,10,36,1.2,50
2017/2/10,85,62,78,15,50,1.05,48
2017/2/11,67,47,71,20,54,1.05,44
2017/2/12,95,69,101,14,73,1.16,42
2017/2/13,95,69,108,26,89,1.42,35
2017/2/14,76,53,98,20,80,1.18,38
2017/2/15,112,82,147,23,100,1.52,35
2017/2/16,121,90,143,21,75,1.28,60
2017/2/17,207,164,221,13,53,1.64,32
2017/2/18,133,99,131,13,59,1.39,22
2017/2/19,177,133,171,13,63,1.54,28
2017/2/20,137,103,150,11,46,1.46,30
2017/2/21,45,23,47,7,30,0.91,31
2017/2/22,83,61,49,7,29,0.99,39
2017/2/23,83,61,72,13,48,1.09,40
2017/2/24,79,57,83,13,64,1.02,39
2017/2/25,85,62,92,15,65,0.97,51
2017/2/26,94,69,117,13,79,1.12,44
2017/2/27,100,72,133,25,86,1.31,43
2017/2/28,98,72,122,25,80,1.17,54
2017/1/1,147,111,165,24,91,1.82,14
2017/1/2,169,128,157,15,69,1.38,33
2017/1/3,208,159,199,19,93,1.82,20
2017/1/4,235,185,215,13,87,2.14,5
2017/1/5,43,30,29,4,40,1.69,12
2017/1/6,24,16,14,4,33,0.83,24
2017/1/7,37,26,30,4,34,0.98,16
2017/1/8,82,59,72,9,43,1.26,36
2017/1/9,140,106,121,17,58,1.76,37
2017/1/10,121,91,98,10,41,1.38,52
2017/1/11,149,113,103,10,45,1.47,24
2017/1/12,127,96,72,9,46,1.29,35
2017/1/13,107,80,106,9,70,1.43,15
2017/1/14,95,71,101,19,57,1.21,32
2017/1/15,68,47,75,12,47,0.95,33
2017/1/16,94,69,96,13,57,1.16,31
2017/1/17,91,67,94,10,56,1,28
2017/1/18,124,93,105,9,50,1.04,16
2017/1/19,150,113,127,10,33,1.05,44
2017/1/20,92,55,118,14,36,0.78,51
2017/1/21,87,59,118,16,60,1.1,31
2017/1/22,132,100,155,16,76,1.49,28
2017/1/23,116,87,124,20,67,1.28,37
2017/1/24,89,65,90,19,50,1.19,50
2017/1/25,109,81,93,10,42,1.17,45
2017/1/26,85,62,74,9,45,1.08,46
2017/1/27,170,122,232,14,35,1.34,53
2017/1/28,197,150,193,21,36,1.64,47
2017/1/29,153,116,130,10,17,1.38,40
2017/1/30,146,109,124,12,17,1.48,55
2017/1/31,93,68,74,9,22,1.22,44
2016/12/1,155,117,168,13,83,1.62,13
2016/12/2,137,100,160,13,85,1.62,23
2016/12/3,154,117,182,18,91,1.46,23
2016/12/4,135,101,123,12,52,1.17,31
2016/12/5,128,94,150,19,60,1.43,37
2016/12/6,111,82,123,16,57,1.34,37
2016/12/7,161,122,174,14,102,1.54,20
2016/12/8,185,140,193,15,104,1.68,32
2016/12/9,177,133,172,20,77,1.68,43
2016/12/10,93,69,87,10,40,1,36
2016/12/11,103,76,98,11,55,1.18,17
2016/12/12,131,99,105,8,54,1.23,6
2016/12/13,151,114,74,6,37,1.23,13
2016/12/14,85,62,45,7,30,1.04,24
2016/12/15,112,84,102,13,57,1.15,28
2016/12/16,148,112,129,16,69,1.33,35
2016/12/17,107,80,109,23,75,1.3,24
2016/12/18,103,76,117,22,78,1.32,22
2016/12/19,119,89,117,15,79,1.33,10
2016/12/20,183,137,61,7,48,1.45,8
2016/12/21,72,52,41,5,43,1.86,20
2016/12/22,99,73,87,8,71,1.8,13
2016/12/23,111,83,122,11,74,1.69,13
2016/12/24,91,67,86,10,54,1.25,14
2016/12/25,75,55,23,5,38,1.16,7
2016/12/26,58,41,41,7,36,1.11,12
2016/12/27,95,70,74,14,42,1.34,29
2016/12/28,113,84,110,18,59,1.41,23
2016/12/29,127,96,115,15,56,1.28,33
2016/12/30,142,107,140,16,63,1.41,22
2016/12/31,146,110,161,23,89,1.93,14
2016/11/1,44,28,40,6,31,0.91,14
2016/11/2,52,34,52,6,36,0.76,32
2016/11/3,81,58,92,8,51,0.96,25
2016/11/4,84,58,105,9,64,1.36,27
2016/11/5,102,71,128,18,73,1.49,26
2016/11/6,110,78,128,13,58,1.32,37
2016/11/7,108,78,76,7,31,1.38,26
2016/11/8,67,48,53,7,24,0.86,44
2016/11/9,62,44,53,7,37,0.67,33
2016/11/10,57,39,56,8,47,0.73,41
2016/11/11,71,47,83,13,58,1.05,20
2016/11/12,83,55,111,15,66,1.23,19
2016/11/13,106,78,141,17,73,1.75,12
2016/11/14,123,92,162,15,83,1.9,17
2016/11/15,198,151,193,12,84,1.73,17
2016/11/16,122,92,106,10,52,1.56,24
2016/11/17,56,39,51,7,36,1.26,7
2016/11/18,52,36,56,7,41,1.48,3
2016/11/19,71,50,77,8,45,1.51,9
2016/11/20,94,68,93,9,43,1.59,21
2016/11/21,59,39,60,7,43,1.88,5
2016/11/22,15,7,11,5,23,0.99,25
2016/11/23,28,18,18,5,19,1.05,42
2016/11/24,63,45,62,12,44,1.15,25
2016/11/25,58,39,65,10,55,0.84,17
2016/11/26,76,55,73,10,46,0.7,28
2016/11/27,103,76,136,14,83,1.54,22
2016/11/28,111,76,154,14,79,1.44,26
2016/11/29,130,98,155,13,63,1.26,16
2016/11/30,130,99,132,11,50,1.04,28
2016/10/1,49,33,48,7,46,0.84,20
2016/10/2,53,37,54,6,37,0.8,21
2016/10/3,84,60,100,8,60,1.44,26
2016/10/4,77,51,93,11,67,1.42,43
2016/10/5,68,44,83,10,52,0.91,64
2016/10/6,87,62,108,10,48,1.06,74
2016/10/7,82,58,97,10,35,1.06,71
2016/10/8,66,43,74,8,24,0.75,76
2016/10/9,65,34,67,13,32,0.87,88
2016/10/10,55,23,59,10,31,0.69,71
2016/10/11,63,37,68,10,38,0.77,33
2016/10/12,46,30,37,6,39,0.81,25
2016/10/13,52,36,49,7,40,0.75,28
2016/10/14,57,40,58,6,47,0.93,21
2016/10/15,75,52,91,8,55,1.21,19
2016/10/16,50,32,50,6,35,0.97,31
2016/10/17,67,43,81,11,64,1.25,38
2016/10/18,66,39,78,10,57,1.1,50
2016/10/19,111,83,131,9,63,1.55,22
2016/10/20,79,57,75,6,45,1.51,9
2016/10/21,30,15,28,6,30,1.14,20
2016/10/22,17,7,15,5,27,1.16,18
2016/10/23,24,12,21,5,29,1.28,15
2016/10/24,29,14,28,5,27,1.11,7
2016/10/25,28,16,23,5,38,1.16,17
2016/10/26,18,11,15,4,32,1.12,9
2016/10/27,34,21,32,5,34,1.45,6
2016/10/28,25,14,21,5,24,0.89,32
2016/10/29,22,13,18,4,27,0.79,35
2016/10/30,43,29,41,6,40,0.94,20
2016/10/31,33,21,25,5,34,0.89,18
2016/9/1,88,55,99,9,28,0.77,101
2016/9/2,101,46,112,10,55,0.86,118
2016/9/3,116,63,150,14,72,1.14,98
2016/9/4,89,49,123,16,65,1.01,84
2016/9/5,97,46,120,16,68,0.95,84
2016/9/6,65,30,74,9,42,0.64,75
2016/9/7,79,44,95,16,45,0.65,87
2016/9/8,95,53,129,12,56,0.78,90
2016/9/9,92,64,126,12,56,0.87,61
2016/9/10,70,41,78,8,41,0.74,78
2016/9/11,93,45,110,11,49,0.82,100
2016/9/12,89,45,102,15,41,0.92,105
2016/9/13,77,34,86,16,45,0.84,97
2016/9/14,96,45,102,12,44,0.88,123
2016/9/15,56,25,56,7,22,0.61,93
2016/9/16,34,11,31,5,15,0.43,57
2016/9/17,41,12,36,6,20,0.44,74
2016/9/18,59,26,66,10,34,0.72,77
2016/9/19,74,38,90,11,26,0.72,105
2016/9/20,76,32,93,13,25,0.6,112
2016/9/21,78,37,93,14,46,0.69,101
2016/9/22,114,61,155,15,73,0.98,90
2016/9/23,109,66,151,19,75,1.03,94
2016/9/24,117,74,165,19,80,1.09,84
2016/9/25,114,85,160,19,65,1.29,66
2016/9/26,129,93,157,12,47,1.18,90
2016/9/27,66,39,63,7,21,0.87,65
2016/9/28,45,13,48,6,16,0.75,54
2016/9/29,34,19,32,7,20,0.63,42
2016/9/30,34,20,31,7,29,0.59,41
2016/8/1,94,35,95,6,36,0.81,103
2016/8/2,59,24,63,6,30,0.81,74
2016/8/3,46,19,45,5,28,0.84,43
2016/8/4,31,14,30,4,29,0.7,32
2016/8/5,56,28,62,5,31,0.8,47
2016/8/6,51,25,55,4,43,0.73,33
2016/8/7,56,25,60,5,40,0.83,46
2016/8/8,46,20,45,4,29,0.68,43
2016/8/9,57,29,60,5,26,0.7,66
2016/8/10,57,24,60,5,29,0.65,68
2016/8/11,70,26,68,5,31,0.76,80
2016/8/12,74,29,72,5,31,0.74,88
2016/8/13,74,25,76,5,33,0.7,78
2016/8/14,67,24,65,5,33,0.79,76
2016/8/15,75,28,80,6,33,0.83,87
2016/8/16,86,49,104,7,30,0.97,110
2016/8/17,103,58,114,5,29,1.18,118
2016/8/18,98,46,104,7,36,0.93,117
2016/8/19,77,31,93,7,37,0.76,80
2016/8/20,82,43,110,5,35,1.03,79
2016/8/21,62,33,66,4,14,0.97,98
2016/8/22,75,48,91,5,21,1.01,100
2016/8/23,77,47,96,5,34,1.18,87
2016/8/24,97,57,128,5,47,1.2,90
2016/8/25,88,55,108,6,39,1.13,80
2016/8/26,27,9,21,4,15,0.6,45
2016/8/27,59,18,53,9,22,0.65,103
2016/8/28,71,24,66,11,41,0.66,104
2016/8/29,86,31,90,18,55,0.93,104
2016/8/30,95,45,112,15,44,0.86,118
2016/8/31,81,43,94,10,35,0.65,102
2016/7/1,18,9,15,4,22,0.57,32
2016/7/2,19,8,12,4,31,0.61,27
2016/7/3,29,12,26,4,27,0.62,53
2016/7/4,31,8,16,4,22,0.57,64
2016/7/5,30,13,25,4,33,0.62,41
2016/7/6,22,10,20,3,27,0.77,29
2016/7/7,56,26,52,4,39,0.88,74
2016/7/8,73,33,65,5,42,0.88,78
2016/7/9,66,25,59,7,28,0.71,78
2016/7/10,58,29,59,5,25,0.64,74
2016/7/11,59,31,62,5,30,0.68,66
2016/7/12,84,39,89,4,43,0.79,96
2016/7/13,57,31,63,5,38,0.82,66
2016/7/14,58,35,58,4,27,0.85,79
2016/7/15,31,12,24,3,27,0.72,47
2016/7/16,69,22,49,5,35,0.95,99
2016/7/17,60,30,67,5,30,0.88,58
2016/7/18,50,20,49,5,24,0.62,53
2016/7/19,43,22,43,3,27,0.74,26
2016/7/20,38,15,35,3,20,0.52,38
2016/7/21,43,17,43,4,20,0.6,54
2016/7/22,49,17,49,5,20,0.5,75
2016/7/23,57,22,58,5,22,0.51,87
2016/7/24,59,22,64,4,26,0.56,77
2016/7/25,75,30,87,4,33,0.62,95
2016/7/26,83,40,99,5,36,0.64,101
2016/7/27,80,37,98,4,36,0.69,98
2016/7/28,81,37,87,5,27,0.58,120
2016/7/29,72,26,71,5,25,0.5,112
2016/7/30,69,23,76,7,36,0.48,75
2016/7/31,98,34,121,8,49,0.84,79
2016/6/1,34,17,33,5,25,0.88,47
2016/6/2,29,14,25,5,25,0.72,52
2016/6/3,50,30,52,7,34,0.74,58
2016/6/4,73,44,81,8,46,0.71,86
2016/6/5,83,52,103,11,46,0.95,86
2016/6/6,70,27,60,10,36,0.87,100
2016/6/7,64,39,76,4,41,0.84,70
2016/6/8,77,46,79,5,37,0.76,80
2016/6/9,79,44,92,7,42,0.82,106
2016/6/10,90,59,117,8,50,1.02,100
2016/6/11,80,57,86,5,42,1,63
2016/6/12,50,30,53,4,40,0.79,79
2016/6/13,74,43,82,4,43,0.73,84
2016/6/14,72,39,83,5,39,0.67,79
2016/6/15,72,31,93,7,45,0.67,56
2016/6/16,79,25,79,8,34,0.57,102
2016/6/17,81,29,77,7,37,0.57,112
2016/6/18,61,29,70,6,28,0.61,62
2016/6/19,46,17,30,4,25,0.59,60
2016/6/20,43,20,41,3,39,0.91,30
2016/6/21,53,26,55,4,33,0.7,45
2016/6/22,55,25,58,6,35,0.56,55
2016/6/23,55,21,57,6,27,0.51,77
2016/6/24,35,11,26,6,21,0.68,65
2016/6/25,42,12,19,4,26,0.62,79
2016/6/26,44,26,42,5,36,0.74,45
2016/6/27,30,17,24,4,35,0.65,40
2016/6/28,36,22,33,5,45,0.7,31
2016/6/29,55,31,56,6,34,0.87,55
2016/6/30,47,21,48,6,30,0.71,33
2016/5/1,69,36,82,7,32,0.75,78
2016/5/2,65,36,78,6,27,0.76,39
2016/5/3,82,33,111,7,40,0.59,65
2016/5/4,86,40,119,12,54,0.86,58
2016/5/5,49,30,51,3,28,0.78,52
2016/5/6,73,50,90,7,40,1.18,51
2016/5/7,94,54,132,5,26,0.85,79
2016/5/8,70,41,87,3,22,0.72,54
2016/5/9,61,43,60,4,37,0.84,42
2016/5/10,68,47,73,4,36,0.86,59
2016/5/11,85,57,104,10,42,1.04,76
2016/5/12,105,62,138,13,33,0.93,100
2016/5/13,74,32,95,8,24,0.66,95
2016/5/14,101,73,115,9,41,1.19,66
2016/5/15,48,22,53,3,27,0.68,58
2016/5/16,78,36,92,8,54,0.66,67
2016/5/17,82,46,99,16,56,0.76,88
2016/5/18,90,60,113,14,54,0.88,79
2016/5/19,124,93,147,11,57,1.16,61
2016/5/20,69,50,55,4,27,0.9,86
2016/5/21,39,16,23,3,20,0.55,76
2016/5/22,47,22,42,3,30,0.58,71
2016/5/23,64,42,72,4,49,0.71,48
2016/5/24,81,55,97,5,50,0.76,98
2016/5/25,71,45,79,4,46,0.76,65
2016/5/26,49,32,42,3,30,0.7,68
2016/5/27,48,32,43,3,32,0.82,58
2016/5/28,37,16,28,3,22,0.71,76
2016/5/29,56,28,53,5,34,0.71,88
2016/5/30,74,41,84,7,47,0.87,77
2016/5/31,70,41,88,6,43,1.09,41
2016/4/1,88,62,105,19,49,1.08,49
2016/4/2,102,75,116,16,59,1.4,16
2016/4/3,64,46,55,5,20,0.96,44
2016/4/4,64,44,67,9,31,1,59
2016/4/5,74,53,74,15,42,1.19,18
2016/4/6,25,17,18,3,30,1.07,15
2016/4/7,51,34,52,7,44,1.18,43
2016/4/8,92,66,118,9,84,1.55,36
2016/4/9,96,68,131,14,80,1.55,26
2016/4/10,106,73,144,17,78,1.57,58
2016/4/11,98,55,125,14,61,1.01,96
2016/4/12,80,49,107,14,50,0.95,68
2016/4/13,108,73,152,11,75,1.12,73
2016/4/14,100,67,139,16,60,1.01,74
2016/4/15,59,33,66,13,33,0.81,66
2016/4/16,43,23,38,5,28,0.77,56
2016/4/17,55,30,59,8,41,0.87,45
2016/4/18,59,33,66,8,44,0.61,55
2016/4/19,71,37,87,13,39,0.83,74
2016/4/20,46,29,40,6,28,0.8,44
2016/4/21,63,40,72,6,36,0.83,82
2016/4/22,74,49,96,9,56,0.95,44
2016/4/23,44,25,42,5,33,0.67,68
2016/4/24,48,27,48,5,30,0.74,74
2016/4/25,60,38,66,7,41,0.91,60
2016/4/26,63,44,62,5,43,0.96,39
2016/4/27,82,59,95,5,24,0.85,89
2016/4/28,70,37,82,12,47,0.91,86
2016/4/29,87,46,105,14,52,0.81,93
2016/4/30,87,46,111,11,49,0.78,89
2016/3/1,115,85,140,29,48,1.09,82
2016/3/2,129,97,173,34,82,1.49,53
2016/3/3,197,148,238,36,110,1.81,13
2016/3/4,115,85,120,17,48,1.11,47
2016/3/5,211,113,284,20,41,1.14,57
2016/3/6,186,142,231,21,50,1.31,55
2016/3/7,181,139,191,23,58,1.49,40
2016/3/8,67,45,36,8,19,0.93,50
2016/3/9,41,19,31,6,17,0.56,60
2016/3/10,53,36,52,10,23,0.6,55
2016/3/11,77,56,82,15,45,0.82,45
2016/3/12,86,62,107,32,55,0.99,47
2016/3/13,115,86,122,19,46,0.99,56
2016/3/14,155,117,145,20,52,1.09,81
2016/3/15,149,113,164,29,66,1.08,62
2016/3/16,149,112,181,23,82,1.3,46
2016/3/17,183,137,208,23,95,1.45,9
2016/3/18,166,125,161,15,56,1.04,56
2016/3/19,152,115,184,21,72,1.43,52
2016/3/20,122,92,120,12,44,1.16,52
2016/3/21,94,69,122,15,48,0.98,74
2016/3/22,113,84,160,21,68,1.14,76
2016/3/23,111,83,111,8,24,0.73,86
2016/3/24,63,35,72,8,22,0.56,98
2016/3/25,68,33,85,18,46,0.68,66
2016/3/26,83,58,101,12,63,0.77,53
2016/3/27,87,59,91,12,63,0.75,54
2016/3/28,81,47,103,13,63,0.68,68
2016/3/29,87,58,109,16,72,0.78,29
2016/3/30,106,78,88,7,49,1.03,18
2016/3/31,80,58,67,6,38,0.84,55
2016/2/1,149,114,78,20,29,1.32,59
2016/2/2,148,112,134,22,48,1.44,59
2016/2/3,127,96,127,21,63,1.41,44
2016/2/4,120,90,121,19,69,1.26,46
2016/2/5,119,88,108,20,42,1,72
2016/2/6,62,25,73,16,18,0.52,79
2016/2/7,80,54,99,15,31,0.77,75
2016/2/8,193,152,187,27,51,1.25,61
2016/2/9,155,117,145,35,48,1.36,65
2016/2/10,87,64,94,32,46,1.19,48
2016/2/11,82,60,81,20,38,1.12,27
2016/2/12,101,75,82,13,25,1.29,17
2016/2/13,66,46,50,10,13,1.2,41
2016/2/14,49,30,45,11,12,0.6,52
2016/2/15,42,23,41,13,20,0.56,64
2016/2/16,54,35,57,14,42,0.69,55
2016/2/17,83,61,90,17,70,1.11,33
2016/2/18,88,64,93,18,70,1.14,38
2016/2/19,119,75,151,23,56,1.01,40
2016/2/20,140,59,229,16,39,0.64,52
2016/2/21,130,68,207,22,37,0.83,51
2016/2/22,86,63,91,11,30,0.91,58
2016/2/23,171,133,186,11,33,1.02,46
2016/2/24,233,184,230,17,50,1.54,50
2016/2/25,166,125,172,21,62,1.28,47
2016/2/26,100,69,112,14,33,0.76,64
2016/2/27,78,49,95,14,43,0.82,47
2016/2/28,113,83,157,25,48,1.09,67
2016/2/29,104,74,123,22,50,1,74
2016/1/1,149,113,161,39,76,1.35,17
2016/1/2,186,140,201,49,83,1.7,16
2016/1/3,157,119,158,31,68,1.69,12
2016/1/4,235,194,184,16,56,1.96,15
2016/1/5,134,101,59,11,37,2.01,9
2016/1/6,118,88,87,10,34,1.31,12
2016/1/7,135,101,108,16,33,1.04,33
2016/1/8,167,126,162,21,59,1.69,22
2016/1/9,174,132,149,19,55,1.65,15
2016/1/10,142,107,99,13,45,1.48,12
2016/1/11,239,188,41,14,43,1.98,16
2016/1/12,108,80,29,11,30,1.11,12
2016/1/13,113,84,92,23,41,1.23,32
2016/1/14,169,128,165,25,67,1.31,18
2016/1/15,162,123,168,27,65,1.43,25
2016/1/16,162,122,166,17,72,1.62,15
2016/1/17,178,138,145,20,43,1.35,51
2016/1/18,253,208,229,25,44,1.82,34
2016/1/19,178,137,169,27,51,1.38,47
2016/1/20,137,103,121,22,50,1.02,26
2016/1/21,95,70,59,12,34,0.83,24
2016/1/22,79,57,54,10,26,0.75,38
2016/1/23,95,69,81,20,23,0.91,52
2016/1/24,88,24,124,12,19,0.57,61
2016/1/25,84,35,116,15,45,0.66,44
2016/1/26,95,61,136,33,68,1.02,29
2016/1/27,96,70,126,36,66,1.11,19
2016/1/28,102,76,90,14,50,1.04,21
2016/1/29,119,89,66,10,33,1.09,38
2016/1/30,95,70,66,8,33,1.14,22
2016/1/31,127,96,71,8,28,1.23,24
2015/12/1,82,58,93,14,49,1.25,15
2015/12/2,108,51,151,18,40,0.95,28
2015/12/3,109,51,166,20,52,0.97,27
2015/12/4,60,25,69,19,39,0.67,31
2015/12/5,81,53,99,18,52,0.8,10
2015/12/6,90,66,94,13,54,1.03,15
2015/12/7,90,63,113,24,65,1.27,12
2015/12/8,90,66,95,16,52,1.12,14
2015/12/9,100,74,101,15,48,0.83,13
2015/12/10,182,140,165,15,48,1.17,20
2015/12/11,284,233,242,18,43,1.65,36
2015/12/12,311,260,259,10,56,2.56,10
2015/12/13,156,118,103,8,41,1.02,14
2015/12/14,165,124,158,16,61,1.33,22
2015/12/15,68,44,72,18,42,0.74,36
2015/12/16,53,24,57,16,30,0.55,48
2015/12/17,72,42,92,23,55,0.96,22
2015/12/18,92,67,122,30,63,1.15,20
2015/12/19,133,100,162,39,76,1.42,9
2015/12/20,119,90,47,11,49,0.96,21
2015/12/21,107,80,91,21,42,0.96,18
2015/12/22,150,112,109,11,43,1.2,13
2015/12/23,222,172,101,12,44,1.33,22
2015/12/24,180,142,108,14,48,1.52,24
2015/12/25,328,278,296,41,76,2.31,41
2015/12/26,177,135,176,31,87,1.65,32
2015/12/27,180,139,178,15,61,1.69,19
2015/12/28,126,95,120,9,36,1.09,10
2015/12/29,158,120,153,16,57,1.27,16
2015/12/30,200,152,198,21,81,1.59,21
2015/12/31,165,125,167,28,71,1.31,30
2015/11/1,84,61,73,16,40,0.69,58
2015/11/2,86,62,100,24,68,1.02,43
2015/11/3,96,69,111,28,59,1.06,49
2015/11/4,113,84,113,24,61,1.23,21
2015/11/5,89,65,93,21,51,1.29,16
2015/11/6,66,46,69,22,40,1.24,14
2015/11/7,39,26,28,15,23,0.84,19
2015/11/8,64,46,50,16,26,0.97,32
2015/11/9,100,74,88,26,45,1.46,35
2015/11/10,101,75,93,17,39,1.34,35
2015/11/11,128,97,108,12,42,1.24,36
2015/11/12,76,55,53,11,39,0.87,17
2015/11/13,66,47,50,11,41,1.26,19
2015/11/14,82,60,72,15,47,1.23,25
2015/11/15,67,47,71,20,42,1.49,17
2015/11/16,66,47,48,11,31,1.2,25
2015/11/17,68,48,52,14,30,1.52,25
2015/11/18,57,40,38,8,27,1.52,26
2015/11/19,66,47,50,30,30,1.56,9
2015/11/20,70,49,77,18,47,1.61,13
2015/11/21,75,54,86,19,43,1.57,9
2015/11/22,65,46,63,17,36,1.55,11
2015/11/23,34,23,27,13,24,1.17,9
2015/11/24,25,17,13,5,22,0.97,23
2015/11/25,80,58,63,23,35,0.75,32
2015/11/26,63,44,62,15,43,0.76,39
2015/11/27,69,47,85,28,54,0.93,22
2015/11/28,113,84,137,31,65,1.41,14
2015/11/29,118,88,102,20,52,1.17,13
2015/11/30,128,97,135,23,55,1.45,6
2015/10/1,65,30,75,13,27,0.65,59
2015/10/2,103,50,153,21,55,0.76,75
2015/10/3,115,77,173,26,64,1.07,88
2015/10/4,98,64,139,22,47,1.12,93
2015/10/5,102,76,98,17,47,1.38,70
2015/10/6,72,53,52,16,37,1.28,24
2015/10/7,35,23,26,13,25,1.02,43
2015/10/8,44,23,34,13,17,0.74,81
2015/10/9,64,37,69,18,38,0.75,58
2015/10/10,84,53,115,20,59,0.9,56
2015/10/11,105,72,141,18,67,1.01,53
2015/10/12,102,71,143,28,76,1.16,67
2015/10/13,112,78,162,33,80,1.19,63
2015/10/14,116,83,167,31,79,1.05,74
2015/10/15,134,100,196,37,101,1.57,60
2015/10/16,148,106,196,28,96,1.54,71
2015/10/17,135,95,180,33,87,1.37,93
2015/10/18,146,109,200,31,98,1.57,85
2015/10/19,95,64,135,27,77,1.13,81
2015/10/20,104,74,143,25,79,1.19,70
2015/10/21,118,86,156,28,83,1.25,79
2015/10/22,102,75,125,20,57,1.1,96
2015/10/23,148,111,180,19,68,1.32,73
2015/10/24,153,114,178,22,66,1.57,77
2015/10/25,138,104,171,22,64,1.34,68
2015/10/26,124,92,131,17,39,1.18,30
2015/10/27,48,24,53,19,30,0.62,50
2015/10/28,70,43,88,27,57,0.8,24
2015/10/29,37,24,31,14,32,0.67,32
2015/10/30,153,118,139,17,39,1.12,38
2015/10/31,67,47,70,13,34,0.78,47
2015/9/1,84,54,97,11,33,0.8,101
2015/9/2,79,38,70,13,21,0.71,131
2015/9/3,87,45,91,17,35,0.96,119
2015/9/4,70,43,85,15,29,0.81,75
2015/9/5,57,30,58,12,29,0.89,70
2015/9/6,66,38,73,13,33,0.99,84
2015/9/7,91,61,95,14,19,1.03,122
2015/9/8,84,40,83,17,37,1.03,108
2015/9/9,90,42,86,19,38,0.95,116
2015/9/10,93,45,89,20,39,1.02,130
2015/9/11,73,46,89,16,38,0.91,71
2015/9/12,71,49,68,11,20,0.87,92
2015/9/13,65,32,70,21,36,0.85,92
2015/9/14,87,42,106,25,47,0.83,96
2015/9/15,99,61,112,25,48,1.03,95
2015/9/16,86,54,104,20,50,0.96,97
2015/9/17,79,47,106,29,46,0.9,85
2015/9/18,62,44,59,11,44,0.85,43
2015/9/19,48,32,41,15,31,0.83,39
2015/9/20,104,64,143,15,86,1.14,98
2015/9/21,101,63,111,20,54,0.97,95
2015/9/22,84,58,104,21,46,0.99,77
2015/9/23,81,58,84,13,38,1.02,86
2015/9/24,73,52,75,13,41,1.1,59
2015/9/25,58,38,56,12,28,0.77,72
2015/9/26,81,57,98,18,48,0.99,73
2015/9/27,97,57,104,21,58,1.01,86
2015/9/28,102,63,107,26,40,1.06,121
2015/9/29,60,32,67,15,25,0.8,88
2015/9/30,37,19,27,13,19,0.61,57
2015/8/1,54,18,56,12,23,0.47,76
2015/8/2,60,22,63,12,22,0.49,87
2015/8/3,61,27,67,14,21,0.47,96
2015/8/4,56,23,59,14,22,0.46,75
2015/8/5,61,25,70,13,31,0.5,64
2015/8/6,57,26,55,10,26,0.6,78
2015/8/7,60,27,56,10,26,0.71,86
2015/8/8,65,37,65,9,17,0.65,99
2015/8/9,44,21,44,8,13,0.5,51
2015/8/10,22,13,13,8,11,0.42,39
2015/8/11,32,16,27,9,14,0.47,49
2015/8/12,58,25,59,13,32,0.67,69
2015/8/13,71,33,73,13,35,0.74,90
2015/8/14,91,54,108,18,41,0.91,97
2015/8/15,70,47,86,11,39,0.89,53
2015/8/16,76,44,80,9,36,0.77,91
2015/8/17,96,59,116,15,52,1.07,93
2015/8/18,89,62,110,14,32,0.97,102
2015/8/19,50,30,40,10,24,0.79,63
2015/8/20,49,24,42,9,18,0.54,89
2015/8/21,67,35,67,12,42,0.78,77
2015/8/22,83,38,89,13,49,0.88,82
2015/8/23,88,50,106,16,41,0.92,93
2015/8/24,83,54,99,12,22,0.84,122
2015/8/25,82,59,102,11,29,0.9,109
2015/8/26,103,61,117,13,47,0.97,121
2015/8/27,118,76,158,15,64,1.16,96
2015/8/28,95,67,123,15,49,1.12,93
2015/8/29,103,66,120,14,47,1.04,114
2015/8/30,105,65,133,18,57,1.15,94
2015/8/31,108,65,135,16,57,1.14,93
2015/7/1,51,25,44,7,25,0.68,90
2015/7/2,89,47,94,9,54,0.97,81
2015/7/3,76,50,96,10,41,1.03,70
2015/7/4,62,34,58,9,38,0.81,90
2015/7/5,64,37,63,8,31,0.67,93
2015/7/6,50,29,41,9,26,0.65,78
2015/7/7,52,23,43,9,26,0.62,97
2015/7/8,78,44,84,10,38,0.77,94
2015/7/9,68,45,72,9,26,0.75,75
2015/7/10,45,23,43,9,19,0.71,68
2015/7/11,52,28,52,8,18,0.65,52
2015/7/12,66,33,76,7,34,0.68,70
2015/7/13,91,50,112,9,45,0.8,84
2015/7/14,101,70,146,12,56,1.13,74
2015/7/15,70,47,86,9,41,0.95,44
2015/7/16,37,19,21,10,22,0.86,68
2015/7/17,46,29,42,6,24,0.77,44
2015/7/18,74,52,80,7,29,0.75,70
2015/7/19,79,57,99,10,38,0.98,73
2015/7/20,70,42,78,9,38,0.87,63
2015/7/21,104,47,96,8,34,0.85,137
2015/7/22,83,48,98,10,48,1.05,78
2015/7/23,44,27,39,7,34,0.85,51
2015/7/24,57,32,50,8,27,0.68,86
2015/7/25,78,39,66,10,28,0.84,93
2015/7/26,43,24,40,10,28,0.72,40
2015/7/27,40,17,37,9,24,0.58,45
2015/7/28,46,19,45,11,23,0.49,65
2015/7/29,51,19,49,13,21,0.46,81
2015/7/30,53,21,52,10,19,0.46,78
2015/7/31,52,18,52,11,21,0.46,80
2015/6/1,105,78,137,22,48,1.27,85
2015/6/2,50,33,42,10,24,1.03,58
2015/6/3,60,39,64,12,36,0.88,76
2015/6/4,61,39,63,14,37,0.73,57
2015/6/5,58,32,59,14,34,0.66,77
2015/6/6,88,43,120,19,56,0.94,70
2015/6/7,54,32,59,17,44,0.99,63
2015/6/8,45,28,45,13,31,0.7,63
2015/6/9,75,53,92,16,45,0.8,63
2015/6/10,69,44,83,15,50,0.8,58
2015/6/11,97,44,137,14,45,0.66,72
2015/6/12,116,48,178,17,66,0.71,80
2015/6/13,94,50,136,15,66,0.8,55
2015/6/14,64,37,74,16,40,0.86,48
2015/6/15,44,25,44,11,31,0.71,41
2015/6/16,74,50,90,12,38,1.01,51
2015/6/17,35,22,26,9,30,0.99,49
2015/6/18,62,35,58,9,34,0.91,86
2015/6/19,76,48,81,14,48,1.16,80
2015/6/20,91,66,105,16,59,1.15,67
2015/6/21,83,60,69,8,26,1.08,108
2015/6/22,65,43,62,10,32,1.01,103
2015/6/23,78,50,81,13,30,1.05,98
2015/6/24,52,30,51,11,29,0.7,63
2015/6/25,48,23,50,6,27,0.68,48
2015/6/26,65,35,75,8,41,1.22,76
2015/6/27,50,27,52,6,30,0.69,48
2015/6/28,59,29,75,8,41,1.1,69
2015/6/29,68,41,83,8,32,0.86,68
2015/6/30,38,24,38,6,21,0.87,36
2015/5/1,84,60,97,18,47,1.09,77
2015/5/2,41,23,36,10,22,0.77,60
2015/5/3,74,46,72,12,35,0.92,89
2015/5/4,72,50,89,15,45,0.89,66
2015/5/5,98,72,121,16,58,1.13,70
2015/5/6,119,88,143,14,58,1.08,83
2015/5/7,106,78,130,17,48,1.11,77
2015/5/8,67,47,69,9,35,0.96,74
2015/5/9,82,50,90,13,54,1.15,75
2015/5/10,102,72,124,20,49,1.2,92
2015/5/11,75,33,95,13,25,0.56,82
2015/5/12,96,38,140,12,30,0.48,90
2015/5/13,84,43,115,19,44,0.69,60
2015/5/14,59,29,68,14,37,0.74,40
2015/5/15,65,46,73,11,33,0.97,52
2015/5/16,88,60,110,14,31,0.96,119
2015/5/17,76,53,91,20,37,0.93,87
2015/5/18,104,77,118,12,52,1.12,47
2015/5/19,138,104,160,12,59,1.25,89
2015/5/20,126,79,148,14,56,1.15,89
2015/5/21,97,36,99,21,44,0.88,143
2015/5/22,91,47,106,19,40,0.89,124
2015/5/23,109,81,125,15,50,0.95,79
2015/5/24,165,121,181,18,65,1.3,111
2015/5/25,175,132,219,28,91,1.41,92
2015/5/26,132,99,117,16,41,1.35,106
2015/5/27,115,86,110,12,41,1.15,47
2015/5/28,107,80,112,13,42,1.36,67
2015/5/29,57,40,47,10,25,0.99,55
2015/5/30,84,61,101,11,35,0.96,87
2015/5/31,124,86,139,14,57,1.15,96
2015/4/1,83,59,104,27,51,1.58,27
2015/4/2,35,22,35,18,36,1.15,23
2015/4/3,78,42,101,29,48,1.39,39
2015/4/4,61,42,40,13,29,1.32,38
2015/4/5,73,52,46,8,24,1.12,73
2015/4/6,100,74,57,9,25,1.14,76
2015/4/7,70,49,66,9,21,0.78,61
2015/4/8,55,37,49,14,37,0.87,54
2015/4/9,71,50,76,22,52,0.96,45
2015/4/10,94,69,110,20,63,1.09,46
2015/4/11,123,89,163,30,87,1.69,59
2015/4/12,95,45,122,17,41,0.66,76
2015/4/13,78,27,104,16,42,0.55,71
2015/4/14,84,45,113,22,48,0.63,81
2015/4/15,107,72,144,31,78,1.17,22
2015/4/16,110,75,138,25,54,1.25,40
2015/4/17,116,75,180,28,56,1.11,54
2015/4/18,109,81,147,28,63,1.29,46
2015/4/19,37,22,24,9,22,0.94,66
2015/4/20,47,27,42,12,27,0.68,68
2015/4/21,73,49,90,15,61,0.89,51
2015/4/22,87,55,121,19,79,0.9,53
2015/4/23,118,75,182,25,87,1.22,62
2015/4/24,109,79,151,22,77,1.09,48
2015/4/25,143,102,199,23,83,1.54,68
2015/4/26,129,83,187,23,80,1.31,70
2015/4/27,94,63,130,20,48,0.86,83
2015/4/28,78,51,88,16,35,0.84,63
2015/4/29,112,74,134,16,31,1.01,109
2015/4/30,101,57,142,23,56,1.03,110
2015/3/1,83,61,68,18,47,0.89,40
2015/3/2,102,75,86,25,54,1.1,37
2015/3/3,138,62,172,21,29,0.77,56
2015/3/4,69,47,82,22,36,0.89,58
2015/3/5,66,47,57,17,26,0.72,56
2015/3/6,134,101,109,22,39,0.92,49
2015/3/7,108,81,95,27,45,1.04,46
2015/3/8,89,65,80,28,49,0.97,33
2015/3/9,135,102,115,26,48,1.07,49
2015/3/10,197,153,135,22,45,1.2,32
2015/3/11,109,81,113,26,58,1.07,37
2015/3/12,97,68,114,26,54,0.9,72
2015/3/13,110,81,142,40,79,1.33,37
2015/3/14,114,85,133,31,70,1.31,25
2015/3/15,143,108,127,28,57,1.51,8
2015/3/16,111,82,95,26,45,1.37,23
2015/3/17,58,40,52,25,39,1.49,12
2015/3/18,33,22,22,12,27,1.26,21
2015/3/19,58,41,49,14,32,1.27,24
2015/3/20,63,45,47,12,39,1.16,39
2015/3/21,97,71,106,19,64,1.21,43
2015/3/22,111,72,136,29,72,1.37,50
2015/3/23,101,57,146,25,47,0.99,73
2015/3/24,97,55,142,29,57,1.14,49
2015/3/25,81,50,109,35,59,0.96,68
2015/3/26,73,48,79,27,52,1.01,50
2015/3/27,89,65,83,20,49,1.13,59
2015/3/28,87,62,97,21,68,1.13,36
2015/3/29,106,78,122,23,65,1.53,30
2015/3/30,65,46,53,19,36,1.22,34
2015/3/31,72,47,80,22,41,1.21,40
2015/2/1,161,122,3,16,54,1.43,15
2015/2/2,138,105,39,18,54,1.36,12
2015/2/3,154,117,61,15,46,1.27,29
2015/2/4,221,172,179,29,76,1.79,33
2015/2/5,214,168,200,49,77,1.87,33
2015/2/6,161,121,160,36,84,1.51,43
2015/2/7,184,139,194,41,108,1.72,17
2015/2/8,210,163,185,52,65,1.83,35
2015/2/9,73,52,84,28,60,1.03,38
2015/2/10,108,80,115,41,76,1.15,30
2015/2/11,186,140,161,40,66,1.39,44
2015/2/12,196,151,188,39,89,1.76,44
2015/2/13,184,139,189,44,104,2,45
2015/2/14,165,124,136,37,68,1.55,43
2015/2/15,132,99,103,25,52,1.6,20
2015/2/16,140,105,162,23,64,1.88,25
2015/2/17,189,143,209,31,63,1.76,60
2015/2/18,158,119,159,26,36,1.57,71
2015/2/19,142,107,122,25,30,1.2,61
2015/2/20,72,41,56,9,19,0.97,34
2015/2/21,109,81,75,14,25,1.1,45
2015/2/22,161,122,108,15,33,1.37,31
2015/2/23,150,114,115,15,33,1.51,29
2015/2/24,122,91,93,16,38,1.48,25
2015/2/25,99,73,73,13,39,1.41,20
2015/2/26,73,53,49,16,40,1.25,17
2015/2/27,60,43,39,13,26,1.11,39
2015/2/28,32,21,18,10,18,0.72,54
2015/1/1,86,45,119,40,58,1.06,34
2015/1/2,110,82,142,57,78,1.35,12
2015/1/3,146,110,181,42,88,1.61,21
2015/1/4,175,133,215,69,117,1.92,25
2015/1/5,199,153,168,61,95,1.84,11
2015/1/6,284,235,118,44,68,2.37,12
2015/1/7,169,127,152,30,69,1.98,21
2015/1/8,203,154,192,36,97,2.12,24
2015/1/9,241,190,227,42,104,2.12,26
2015/1/10,229,180,220,43,108,2.17,28
2015/1/11,228,177,221,40,119,2.67,25
2015/1/12,190,145,177,35,82,1.84,22
2015/1/13,129,97,121,27,55,1.5,23
2015/1/14,118,88,90,16,60,1.08,28
2015/1/15,163,123,150,26,79,1.59,14
2015/1/16,171,129,142,23,68,1.25,27
2015/1/17,169,128,160,43,73,1.44,41
2015/1/18,148,112,146,32,65,1.16,45
2015/1/19,187,141,172,35,87,1.51,34
2015/1/20,132,99,165,41,95,1.44,26
2015/1/21,156,111,168,34,74,1.45,35
2015/1/22,135,102,133,51,69,1.45,36
2015/1/23,116,87,134,57,85,1.45,21
2015/1/24,133,100,158,48,91,1.5,21
2015/1/25,280,229,57,25,61,2.05,18
2015/1/26,304,253,0,29,63,2.47,13
2015/1/27,139,106,7,14,32,1.56,29
2015/1/28,46,32,1,10,26,0.73,25
2015/1/29,88,64,24,12,33,0.89,23
2015/1/30,111,83,57,17,40,1.04,36
2015/1/31,174,132,89,24,44,1.24,46
2014/12/1,80,33,108,20,31,0.64,47
2014/12/2,87,42,110,43,36,1.01,47
2014/12/3,83,60,92,20,50,0.92,15
2014/12/4,101,75,109,33,50,1.14,30
2014/12/5,127,95,130,51,69,1.45,29
2014/12/6,96,67,106,51,69,1.25,36
2014/12/7,96,66,105,34,54,1.04,45
2014/12/8,96,68,120,51,59,1.2,45
2014/12/9,112,83,110,41,58,1.19,26
2014/12/10,120,90,80,26,41,1.07,21
2014/12/11,95,60,116,38,48,0.86,23
2014/12/12,103,75,142,39,63,1.08,28
2014/12/13,107,77,137,38,79,1.2,31
2014/12/14,112,83,139,55,83,1.45,31
2014/12/15,123,84,161,58,81,1.39,22
2014/12/16,77,28,96,25,39,0.7,52
2014/12/17,86,59,111,30,72,1.08,33
2014/12/18,107,80,140,55,82,1.29,12
2014/12/19,87,64,97,36,61,1.06,39
2014/12/20,126,95,128,34,67,1.49,32
2014/12/21,94,68,111,37,47,1.13,45
2014/12/22,111,83,128,50,71,1.29,33
2014/12/23,123,92,135,66,78,1.47,24
2014/12/24,180,136,176,53,90,2.06,28
2014/12/25,251,200,195,51,68,1.72,30
2014/12/26,148,112,110,45,61,1.71,26
2014/12/27,122,92,94,29,52,1.24,26
2014/12/28,148,112,113,36,46,1.23,44
2014/12/29,124,92,123,35,65,1.46,40
2014/12/30,161,119,184,61,89,2.11,35
2014/12/31,181,126,239,52,84,2.16,40
2014/11/1,141,107,109,21,34,1.28,60
2014/11/2,60,24,61,22,26,0.62,60
2014/11/3,79,39,105,30,52,1,51
2014/11/4,84,57,112,38,72,1.24,43
2014/11/5,90,66,93,28,66,1.12,29
2014/11/6,78,54,87,28,59,1.18,38
2014/11/7,108,80,90,23,53,1.09,39
2014/11/8,69,49,46,21,39,0.81,46
2014/11/9,59,41,58,22,47,0.8,29
2014/11/10,83,61,76,18,49,0.96,23
2014/11/11,106,79,100,19,56,1.05,26
2014/11/12,80,49,82,24,49,0.77,41
2014/11/13,86,51,119,31,63,1.01,43
2014/11/14,106,78,138,49,74,1.23,41
2014/11/15,113,84,121,38,66,1.06,25
2014/11/16,167,126,144,32,63,1.26,39
2014/11/17,130,97,115,36,49,0.98,74
2014/11/18,105,78,115,46,66,1.29,49
2014/11/19,126,95,148,51,84,1.28,38
2014/11/20,137,103,155,57,87,1.59,40
2014/11/21,181,136,200,59,108,1.81,34
2014/11/22,175,136,173,46,76,1.45,67
2014/11/23,274,232,74,27,63,2.61,30
2014/11/24,49,30,9,18,39,1.43,23
2014/11/25,109,79,51,21,43,1.31,26
2014/11/26,110,82,36,31,47,1.44,15
2014/11/27,52,34,37,26,44,1.25,27
2014/11/28,98,70,67,27,51,1.92,31
2014/11/29,73,53,25,21,44,2.2,17
2014/11/30,65,42,54,25,47,1.62,22
2014/10/1,69,49,77,24,37,1.1,54
2014/10/2,76,46,78,18,34,1.04,80
2014/10/3,83,50,111,30,53,1.04,72
2014/10/4,95,59,133,37,57,1.04,87
2014/10/5,162,123,201,25,37,1.16,112
2014/10/6,150,111,153,28,36,1.08,117
2014/10/7,108,79,134,37,59,1.2,102
2014/10/8,107,71,121,44,62,1.17,115
2014/10/9,111,80,134,35,72,1.19,94
2014/10/10,95,66,107,27,51,1.05,100
2014/10/11,93,68,110,24,44,0.97,103
2014/10/12,156,116,182,24,28,0.99,103
2014/10/13,82,54,100,22,27,0.74,65
2014/10/14,92,67,113,26,53,0.91,81
2014/10/15,145,110,184,31,95,1.26,74
2014/10/16,181,137,215,45,109,1.68,38
2014/10/17,221,170,242,38,88,1.64,47
2014/10/18,214,164,269,40,104,1.78,35
2014/10/19,169,127,205,45,89,1.48,81
2014/10/20,228,179,241,30,66,1.6,49
2014/10/21,67,44,52,19,30,1.07,59
2014/10/22,94,67,90,24,54,1.07,61
2014/10/23,88,62,106,31,79,1.32,39
2014/10/24,107,78,146,32,86,1.39,53
2014/10/25,125,93,167,39,90,1.48,52
2014/10/26,153,115,201,46,97,1.56,61
2014/10/27,211,165,201,25,42,1.42,64
2014/10/28,125,95,113,25,42,1.22,37
2014/10/29,64,42,33,17,36,1.04,27
2014/10/30,34,21,20,15,32,0.93,25
2014/10/31,122,91,96,9,38,1.3,31
2014/9/1,45,20,34,17,25,0.75,57
2014/9/2,42,23,38,16,33,0.78,36
2014/9/3,59,28,47,18,30,0.74,71
2014/9/4,80,42,86,24,62,1.12,86
2014/9/5,96,64,118,22,59,1.05,92
2014/9/6,110,72,134,30,61,1.21,95
2014/9/7,103,74,136,20,62,1.11,72
2014/9/8,116,86,138,20,45,1.23,66
2014/9/9,71,49,73,18,26,1.31,63
2014/9/10,76,54,79,23,29,1.17,48
2014/9/11,82,59,87,25,31,1.16,77
2014/9/12,71,51,60,18,29,1.03,42
2014/9/13,44,21,31,15,20,0.7,57
2014/9/14,61,39,65,19,37,1.06,57
2014/9/15,46,30,43,14,26,1.03,25
2014/9/16,52,28,51,19,29,0.96,68
2014/9/17,56,36,51,15,24,1.02,50
2014/9/18,23,11,15,14,25,0.91,27
2014/9/19,35,13,24,18,25,1.02,54
2014/9/20,55,30,51,17,46,1.04,70
2014/9/21,71,43,82,23,51,1.12,78
2014/9/22,62,31,55,26,30,0.82,96
2014/9/23,60,27,62,23,31,0.6,84
2014/9/24,68,35,74,18,33,0.76,100
2014/9/25,114,85,139,34,50,1.25,86
2014/9/26,113,84,133,25,49,1.14,74
2014/9/27,118,87,142,33,48,1.26,79
2014/9/28,110,82,119,27,31,1.02,89
2014/9/29,52,29,38,18,20,0.89,70
2014/9/30,55,32,49,17,22,0.81,78
